student_key,course_key,total_events,active_days,unique_materials,after_hours_events,weekend_events,top_material_type,lecture_material_views,assignment_views,course_page_views,forum_views,quiz_views,avg_events_per_active_day,events_per_week,weekend_ratio,after_hours_ratio,snapshot_date,risk_label,ass_1_with_penalty_100,ass_2_100,ass_2_with_penalty_100,ass_ex_1,ass_ex_10,ass_ex_2,ass_ex_3,ass_ex_4,ass_ex_5,ass_ex_6,ass_ex_7,ass_ex_8,ass_ex_9,assignment_1_100,exam_100,rounded_total_100,total_100,weekly_lab_quizzes_100
2,1,549,53,39,256,114,Course Page,147,184,192,15,0,10.358490566037736,72.50943396226415,0.20765027322404372,0.4663023679417122,2026-06-23,1,25.0,44.8,44.8,100.0,0.0,100.0,75.0,100.0,100.0,90.0,90.0,80.0,100.0,25.0,26.5,41.0,41.41,83.5
4,1,183,33,22,72,20,Course Page,59,45,68,6,0,5.545454545454546,38.81818181818182,0.1092896174863388,0.39344262295081966,2026-06-23,1,76.0,61.9,61.9,90.0,100.0,60.0,70.0,100.0,75.0,90.0,100.0,100.0,100.0,76.0,22.75,49.0,49.055,88.5
5,1,356,55,25,169,50,Course Page,61,130,165,0,0,6.472727272727273,45.30909090909091,0.1404494382022472,0.4747191011235955,2026-06-23,0,90.0,93.05,93.05,70.0,100.0,100.0,10.0,75.0,100.0,95.0,90.0,100.0,100.0,90.0,83.0,86.0,85.91,84.0
7,1,1292,123,34,121,405,Course Page,379,194,695,16,0,10.504065040650406,73.52845528455283,0.31346749226006193,0.0936532507739938,2026-06-23,1,31.0,68.0,68.0,60.0,65.0,40.0,45.0,35.0,75.0,55.0,80.0,50.0,45.0,31.0,36.25,46.0,45.825,55.0
8,1,301,48,20,244,87,Course Page,74,72,151,0,0,6.270833333333333,43.895833333333336,0.28903654485049834,0.8106312292358804,2026-06-23,1,94.0,71.05,71.05,25.0,0.0,70.0,0.0,65.0,70.0,60.0,65.0,65.0,70.0,94.0,25.0,46.0,45.91,49.0
9,1,365,47,23,125,25,Assignment,60,160,144,1,0,7.76595744680851,54.361702127659576,0.0684931506849315,0.3424657534246575,2026-06-23,0,88.0,52.28,52.28,90.0,40.0,95.0,100.0,100.0,85.0,80.0,80.0,0.0,0.0,88.0,85.0,75.0,75.156,67.0
10,1,158,23,15,87,24,Course Page,15,48,90,3,0,6.869565217391305,48.08695652173913,0.1518987341772152,0.5506329113924051,2026-06-23,1,45.0,84.7,84.7,30.0,80.0,0.0,90.0,10.0,95.0,0.0,0.0,60.0,0.0,45.0,7.0,32.0,32.24,36.5
11,1,229,35,18,92,55,Course Page,12,68,146,2,0,6.542857142857143,45.8,0.24017467248908297,0.4017467248908297,2026-06-23,1,83.0,0.0,0.0,70.0,100.0,100.0,90.0,80.0,100.0,100.0,70.0,100.0,20.0,83.0,16.5,33.0,33.15,83.0
12,1,1221,84,42,307,252,Course Page,264,268,630,30,0,14.535714285714286,101.75,0.20638820638820637,0.25143325143325146,2026-06-23,0,55.0,87.0,87.0,100.0,85.0,100.0,90.0,40.0,100.0,50.0,100.0,80.0,80.0,55.0,71.0,75.0,74.9,82.5
13,1,187,38,22,80,27,Course Page,39,41,67,36,0,4.921052631578948,34.44736842105263,0.1443850267379679,0.42780748663101603,2026-06-23,0,100.0,88.7,88.7,100.0,100.0,100.0,100.0,100.0,100.0,100.0,100.0,100.0,100.0,100.0,56.5,76.0,75.99,100.0
14,1,141,28,19,20,16,Assignment,35,39,39,27,0,5.035714285714286,35.25,0.11347517730496454,0.14184397163120568,2026-06-23,0,82.0,0.0,0.0,80.0,85.0,100.0,90.0,90.0,90.0,100.0,95.0,80.0,95.0,82.0,46.5,50.0,49.55,90.5
15,1,1194,97,48,851,231,Assignment,41,658,477,12,0,12.309278350515465,86.16494845360825,0.1934673366834171,0.7127303182579564,2026-06-23,0,73.0,81.1,81.1,85.0,100.0,80.0,100.0,95.0,100.0,100.0,70.0,100.0,100.0,73.0,33.0,59.0,58.62,93.0
16,1,733,68,27,439,250,Course Page,201,137,384,1,0,10.779411764705882,75.45588235294119,0.34106412005457026,0.5989085948158254,2026-06-23,0,78.0,20.25,20.25,90.0,0.0,95.0,75.0,70.0,100.0,100.0,100.0,80.0,50.0,78.0,48.0,51.0,51.05,76.0
17,1,43,8,9,15,13,Course Page,7,17,19,0,0,5.375,37.625,0.3023255813953488,0.3488372093023256,2026-06-23,1,4.5,0.0,0.0,70.0,0.0,50.0,100.0,0.0,0.0,0.0,0.0,0.0,0.0,4.5,0.5,5.0,5.1,22.0
18,1,49,5,9,2,48,Course Page,0,8,41,0,0,9.8,68.6,0.9795918367346939,0.04081632653061224,2026-06-23,1,0.0,0.0,0.0,0.0,0.0,0.0,0.0,0.0,0.0,0.0,0.0,0.0,0.0,0.0,0.0,0.0,0.0,0.0
19,1,535,71,33,216,111,Course Page,185,76,247,20,0,7.535211267605634,52.74647887323944,0.20747663551401868,0.40373831775700936,2026-06-23,0,95.0,93.15,93.15,80.0,100.0,100.0,100.0,100.0,70.0,90.0,95.0,100.0,100.0,95.0,72.0,83.0,82.83,93.5
20,1,161,22,32,67,57,Course Page,50,40,55,1,0,7.318181818181818,51.22727272727273,0.35403726708074534,0.4161490683229814,2026-06-23,1,29.5,65.0,65.0,100.0,0.0,100.0,0.0,0.0,0.0,20.0,0.0,0.0,0.0,29.5,26.5,34.0,33.6,22.0
21,1,268,41,40,101,55,Assignment,77,87,85,9,0,6.536585365853658,45.75609756097561,0.20522388059701493,0.376865671641791,2026-06-23,0,63.5,62.3,62.3,100.0,0.0,0.0,0.0,95.0,0.0,0.0,70.0,0.0,0.0,63.5,52.0,50.0,50.11,26.5
22,1,1203,111,36,221,239,Course Page,127,292,765,7,0,10.837837837837839,75.86486486486486,0.19866999168744803,0.18370739817123857,2026-06-23,0,100.0,88.13,88.13,100.0,95.0,100.0,100.0,100.0,90.0,100.0,100.0,100.0,90.0,100.0,71.5,83.0,82.876,97.5
23,1,402,58,26,119,59,Lecture Material,174,50,165,11,0,6.931034482758621,48.51724137931034,0.14676616915422885,0.2960199004975124,2026-06-23,0,55.5,74.0,74.0,90.0,90.0,100.0,100.0,100.0,80.0,90.0,90.0,90.0,95.0,55.5,88.0,83.0,82.85,92.5
24,1,248,30,18,85,9,Course Page,57,41,129,21,0,8.266666666666667,57.86666666666667,0.036290322580645164,0.34274193548387094,2026-06-23,1,88.0,75.5,75.5,100.0,0.0,95.0,100.0,90.0,0.0,0.0,0.0,0.0,0.0,88.0,17.5,40.0,40.35,38.5
25,1,382,49,30,148,43,Course Page,92,101,182,2,0,7.795918367346939,54.57142857142857,0.112565445026178,0.387434554973822,2026-06-23,1,83.0,46.2,46.2,100.0,60.0,75.0,50.0,90.0,90.0,90.0,95.0,70.0,100.0,83.0,12.5,40.0,40.19,82.0
26,1,415,47,37,205,80,Lecture Material,156,81,131,38,0,8.829787234042554,61.80851063829787,0.1927710843373494,0.4939759036144578,2026-06-23,1,36.0,0.0,0.0,60.0,40.0,60.0,0.0,0.0,50.0,30.0,0.0,40.0,70.0,36.0,15.5,18.0,18.35,35.0
27,1,266,37,17,58,37,Course Page,76,62,128,0,0,7.1891891891891895,50.32432432432432,0.13909774436090225,0.21804511278195488,2026-06-23,1,42.0,46.45,46.45,80.0,0.0,60.0,70.0,30.0,60.0,60.0,50.0,40.0,0.0,42.0,4.0,24.0,24.49,45.0
28,1,7,3,4,3,0,Course Page,0,3,4,0,0,2.3333333333333335,16.333333333333336,0.0,0.42857142857142855,2026-06-23,1,0.0,0.0,0.0,0.0,0.0,0.0,0.0,0.0,0.0,0.0,95.0,0.0,0.0,0.0,0.0,2.0,1.9,9.5
29,1,379,49,37,83,71,Course Page,81,131,147,19,0,7.73469387755102,54.142857142857146,0.18733509234828497,0.21899736147757257,2026-06-23,0,58.0,56.05,56.05,100.0,100.0,80.0,70.0,95.0,70.0,100.0,70.0,70.0,0.0,58.0,54.0,59.0,59.11,75.5
30,1,111,26,18,40,35,Course Page,15,41,49,3,0,4.269230769230769,29.884615384615383,0.3153153153153153,0.36036036036036034,2026-06-23,1,66.5,5.5,5.5,95.0,0.0,70.0,20.0,25.0,0.0,0.0,0.0,0.0,0.0,66.5,10.5,17.0,17.2,21.0
31,1,362,46,37,114,38,Course Page,95,117,130,11,0,7.869565217391305,55.08695652173913,0.10497237569060773,0.3149171270718232,2026-06-23,0,95.0,65.8,65.8,100.0,80.0,100.0,90.0,98.0,99.0,90.0,95.0,95.0,90.0,95.0,61.5,72.0,72.15,93.7
32,1,450,59,50,32,54,Assignment,44,226,161,15,0,7.627118644067797,53.389830508474574,0.12,0.07111111111111111,2026-06-23,0,59.0,59.4,59.4,0.0,90.0,70.0,100.0,95.0,100.0,100.0,100.0,100.0,100.0,59.0,80.0,75.0,74.88,85.5
33,1,317,43,31,69,101,Course Page,56,72,166,17,0,7.372093023255814,51.604651162790695,0.3186119873817035,0.21766561514195584,2026-06-23,1,81.0,93.65,91.3,80.0,100.0,60.0,60.0,100.0,90.0,100.0,100.0,100.0,100.0,81.0,10.0,49.0,49.16,89.0
34,1,501,58,28,365,130,Course Page,90,166,230,13,0,8.637931034482758,60.4655172413793,0.25948103792415167,0.7285429141716567,2026-06-23,1,73.5,83.0,83.0,100.0,0.0,100.0,95.0,90.0,20.0,90.0,100.0,0.0,30.0,73.5,15.5,44.0,44.2,62.5
35,1,338,51,34,46,17,Course Page,83,113,123,6,0,6.627450980392157,46.3921568627451,0.05029585798816568,0.13609467455621302,2026-06-23,1,78.0,70.35,70.35,85.0,95.0,100.0,79.0,80.0,95.0,75.0,100.0,90.0,90.0,78.0,17.0,48.0,48.15,88.9
36,1,402,48,30,141,60,Course Page,98,87,188,0,0,8.375,58.625,0.14925373134328357,0.35074626865671643,2026-06-23,0,85.0,64.5,64.5,90.0,50.0,35.0,40.0,85.0,85.0,90.0,65.0,60.0,50.0,85.0,43.25,56.0,56.025,65.0
37,1,212,36,15,16,4,Course Page,34,60,115,3,0,5.888888888888889,41.22222222222222,0.018867924528301886,0.07547169811320754,2026-06-23,0,80.0,81.4,81.4,95.0,80.0,55.0,80.0,90.0,75.0,75.0,0.0,65.0,75.0,80.0,32.25,54.0,54.205,69.0
38,1,846,84,39,256,166,Course Page,151,242,403,20,0,10.071428571428571,70.5,0.19621749408983452,0.30260047281323876,2026-06-23,1,92.0,79.65,79.65,60.0,45.0,60.0,60.0,40.0,90.0,35.0,75.0,70.0,70.0,92.0,16.0,45.0,45.23,60.5
39,1,211,50,37,41,40,Lecture Material,70,58,59,6,0,4.22,29.54,0.1895734597156398,0.1943127962085308,2026-06-23,0,69.0,61.57,61.57,100.0,80.0,90.0,100.0,80.0,100.0,100.0,85.0,80.0,65.0,69.0,67.0,70.0,70.314,88.0
40,1,321,40,22,154,30,Assignment,31,178,111,1,0,8.025,56.175,0.09345794392523364,0.4797507788161994,2026-06-23,1,52.0,19.0,19.0,100.0,60.0,50.0,75.0,90.0,60.0,50.0,0.0,80.0,100.0,52.0,24.0,34.0,34.3,66.5
41,1,409,43,27,225,101,Course Page,80,122,196,10,0,9.511627906976743,66.5813953488372,0.2469437652811736,0.5501222493887531,2026-06-23,1,0.0,46.0,46.0,0.0,0.0,60.0,50.0,0.0,50.0,0.0,60.0,0.0,50.0,0.0,0.0,15.0,14.6,27.0
42,1,266,42,20,128,22,Assignment,34,130,101,1,0,6.333333333333333,44.333333333333336,0.08270676691729323,0.48120300751879697,2026-06-23,0,84.0,60.0,60.0,60.0,100.0,100.0,100.0,95.0,100.0,0.0,100.0,80.0,0.0,84.0,54.0,62.0,62.1,73.5
43,1,611,63,36,334,99,Course Page,113,77,402,1,0,9.698412698412698,67.88888888888889,0.16202945990180032,0.546644844517185,2026-06-23,1,61.0,85.95,85.95,45.0,100.0,100.0,0.0,95.0,100.0,100.0,70.0,70.0,100.0,61.0,8.5,43.0,43.14,78.0
44,1,367,38,26,107,75,Course Page,90,96,174,7,0,9.657894736842104,67.60526315789474,0.20435967302452315,0.29155313351498635,2026-06-23,0,76.0,67.9,67.9,90.0,0.0,100.0,90.0,90.0,95.0,95.0,0.0,80.0,90.0,76.0,48.5,60.0,60.03,73.0
45,1,478,62,56,257,73,Assignment,68,193,193,8,0,7.709677419354839,53.967741935483865,0.15271966527196654,0.5376569037656904,2026-06-23,0,94.0,79.15,79.15,85.0,90.0,100.0,90.0,65.0,100.0,100.0,100.0,70.0,100.0,94.0,56.5,71.0,71.48,90.0
46,1,265,40,22,79,64,Course Page,74,59,118,13,0,6.625,46.375,0.24150943396226415,0.2981132075471698,2026-06-23,1,61.0,69.65,69.65,80.0,85.0,40.0,60.0,85.0,80.0,90.0,70.0,80.0,85.0,61.0,22.0,46.0,46.13,75.5
47,1,330,53,26,156,115,Course Page,20,138,163,6,0,6.226415094339623,43.58490566037736,0.3484848484848485,0.4727272727272727,2026-06-23,1,88.0,75.85,75.85,85.0,90.0,60.0,80.0,90.0,90.0,100.0,80.0,70.0,95.0,88.0,4.75,43.0,43.145,84.0
48,1,384,48,32,109,98,Course Page,121,96,160,1,0,8.0,56.0,0.2552083333333333,0.2838541666666667,2026-06-23,1,100.0,51.43,51.43,100.0,40.0,50.0,100.0,100.0,80.0,90.0,95.0,30.0,25.0,100.0,26.5,48.0,47.736,71.0
49,1,439,34,30,366,158,Course Page,151,56,192,32,0,12.911764705882353,90.38235294117648,0.35990888382687924,0.8337129840546698,2026-06-23,1,61.0,64.5,64.5,70.0,0.0,60.0,0.0,0.0,0.0,0.0,60.0,100.0,0.0,61.0,2.0,26.0,25.8,29.0
50,1,254,35,41,64,8,Lecture Material,84,37,75,36,0,7.257142857142857,50.8,0.031496062992125984,0.25196850393700787,2026-06-23,0,84.0,51.3,51.3,50.0,20.0,40.0,40.0,30.0,40.0,50.0,0.0,0.0,30.0,84.0,70.0,60.0,59.66,30.0
51,1,270,57,27,125,41,Course Page,52,94,106,12,0,4.7368421052631575,33.15789473684211,0.15185185185185185,0.46296296296296297,2026-06-23,0,90.0,97.9,97.9,95.0,100.0,100.0,100.0,80.0,70.0,0.0,50.0,100.0,80.0,90.0,76.25,82.0,82.205,77.5
52,1,244,32,23,120,39,Lecture Material,95,36,94,10,0,7.625,53.375,0.1598360655737705,0.4918032786885246,2026-06-23,0,55.0,68.0,68.0,80.0,50.0,80.0,100.0,70.0,80.0,70.0,65.0,60.0,90.0,55.0,56.0,62.0,62.0,74.5
53,1,267,42,21,60,79,Course Page,76,66,121,4,0,6.357142857142857,44.5,0.2958801498127341,0.2247191011235955,2026-06-23,1,69.5,19.7,19.7,100.0,0.0,50.0,90.0,40.0,80.0,40.0,0.0,60.0,0.0,69.5,34.0,37.0,37.09,46.0
54,1,748,69,41,322,144,Course Page,91,227,378,1,0,10.840579710144928,75.88405797101449,0.1925133689839572,0.4304812834224599,2026-06-23,1,48.0,76.45,76.45,30.0,0.0,80.0,0.0,80.0,80.0,90.0,100.0,100.0,100.0,48.0,14.5,41.0,40.54,66.0
55,1,711,68,25,147,179,Course Page,50,94,552,6,0,10.455882352941176,73.19117647058825,0.2517580872011252,0.20675105485232068,2026-06-23,1,75.0,44.0,44.0,75.0,0.0,40.0,30.0,50.0,0.0,40.0,0.0,0.0,0.0,75.0,1.0,22.0,21.5,23.5
56,1,261,40,25,71,64,Course Page,39,99,113,8,0,6.525,45.675,0.24521072796934865,0.2720306513409962,2026-06-23,0,90.0,84.0,84.0,80.0,0.0,100.0,100.0,90.0,90.0,80.0,70.0,75.0,70.0,90.0,39.0,60.0,60.4,75.5
57,1,176,38,16,78,22,Course Page,12,45,119,0,0,4.631578947368421,32.421052631578945,0.125,0.4431818181818182,2026-06-23,1,55.0,62.0,62.0,100.0,0.0,0.0,0.0,0.0,0.0,0.0,0.0,0.0,0.0,55.0,54.5,47.0,47.15,10.0
58,1,387,46,28,135,68,Course Page,106,46,223,11,0,8.41304347826087,58.891304347826086,0.17571059431524547,0.3488372093023256,2026-06-23,1,55.0,53.75,53.75,30.0,10.0,20.0,20.0,0.0,0.0,0.0,0.0,10.0,0.0,55.0,3.0,20.0,19.55,9.0
59,1,221,28,16,77,28,Course Page,50,48,123,0,0,7.892857142857143,55.25,0.12669683257918551,0.34841628959276016,2026-06-23,1,55.0,36.05,36.05,0.0,0.0,75.0,85.0,0.0,75.0,55.0,0.0,0.0,0.0,55.0,0.0,19.0,18.51,29.0
60,1,455,69,27,180,125,Course Page,46,177,214,15,0,6.594202898550725,46.15942028985507,0.27472527472527475,0.3956043956043956,2026-06-23,0,95.0,84.15,84.15,80.0,95.0,95.0,95.0,90.0,99.0,100.0,100.0,80.0,80.0,95.0,40.0,65.0,64.61,91.4
61,1,280,49,34,118,59,Lecture Material,106,64,88,14,0,5.714285714285714,40.0,0.21071428571428572,0.42142857142857143,2026-06-23,0,91.0,80.0,80.0,100.0,100.0,100.0,100.0,100.0,90.0,90.0,100.0,60.0,90.0,91.0,78.0,83.0,82.7,93.0
62,1,220,37,28,98,71,Course Page,50,58,105,4,0,5.945945945945946,41.62162162162162,0.32272727272727275,0.44545454545454544,2026-06-23,1,64.0,88.35,88.35,90.0,60.0,70.0,90.0,50.0,95.0,80.0,70.0,75.0,60.0,64.0,18.0,48.0,47.87,74.0
63,1,347,53,31,118,41,Course Page,49,77,204,5,0,6.547169811320755,45.83018867924528,0.11815561959654179,0.3400576368876081,2026-06-23,1,84.0,65.5,65.5,100.0,0.0,60.0,90.0,100.0,90.0,100.0,80.0,40.0,80.0,84.0,20.0,46.0,46.3,74.0
64,1,551,30,28,345,60,Course Page,76,49,410,9,0,18.366666666666667,128.56666666666666,0.1088929219600726,0.6261343012704175,2026-06-23,1,57.0,65.65,65.65,60.0,0.0,0.0,10.0,50.0,0.0,20.0,0.0,80.0,0.0,57.0,0.0,23.0,23.23,22.0
65,1,408,50,34,165,38,Course Page,56,137,180,15,0,8.16,57.12,0.09313725490196079,0.40441176470588236,2026-06-23,0,58.0,88.4,88.4,90.0,90.0,80.0,80.0,79.0,90.0,85.0,90.0,90.0,95.0,58.0,34.0,58.0,57.86,86.9
66,1,213,44,24,39,47,Lecture Material,77,59,74,3,0,4.840909090909091,33.88636363636364,0.22065727699530516,0.18309859154929578,2026-06-23,1,91.0,72.35,72.35,80.0,55.0,70.0,30.0,75.0,75.0,100.0,80.0,60.0,90.0,91.0,17.0,46.0,46.37,71.5
67,1,193,18,42,172,40,Assignment,39,110,34,7,0,10.722222222222221,75.05555555555554,0.20725388601036268,0.8911917098445595,2026-06-23,0,86.0,67.7,67.7,85.0,90.0,100.0,100.0,95.0,100.0,100.0,70.0,70.0,100.0,86.0,57.0,69.0,68.84,91.0
68,1,503,74,31,73,85,Course Page,85,69,342,2,0,6.797297297297297,47.58108108108108,0.16898608349900596,0.14512922465208747,2026-06-23,1,79.0,41.65,41.65,80.0,100.0,30.0,80.0,100.0,70.0,100.0,100.0,100.0,50.0,79.0,24.0,44.0,44.43,81.0
69,1,151,33,22,57,12,Course Page,26,46,78,0,0,4.575757575757576,32.03030303030303,0.07947019867549669,0.37748344370860926,2026-06-23,0,80.0,47.21,47.21,80.0,85.0,80.0,90.0,70.0,50.0,70.0,100.0,60.0,60.0,80.0,52.0,58.0,58.342,74.5
70,1,463,46,24,105,76,Course Page,96,89,268,8,0,10.065217391304348,70.45652173913044,0.16414686825053995,0.2267818574514039,2026-06-23,0,97.0,88.28,88.28,100.0,100.0,100.0,100.0,90.0,100.0,95.0,100.0,95.0,90.0,97.0,75.5,85.0,84.506,97.0
71,1,91,20,14,38,25,Assignment,4,58,24,5,0,4.55,31.849999999999998,0.27472527472527475,0.4175824175824176,2026-06-23,1,80.0,66.0,66.0,75.0,0.0,0.0,75.0,70.0,0.0,75.0,60.0,70.0,5.0,80.0,0.0,30.0,29.8,43.0
72,1,452,50,31,192,33,Course Page,80,149,207,8,0,9.04,63.279999999999994,0.07300884955752213,0.4247787610619469,2026-06-23,0,83.0,96.3,96.3,100.0,100.0,70.0,70.0,80.0,80.0,50.0,40.0,60.0,60.0,83.0,48.0,66.0,65.76,71.0
73,1,252,39,35,169,48,Assignment,26,106,99,16,0,6.461538461538462,45.23076923076923,0.19047619047619047,0.6706349206349206,2026-06-23,1,14.0,0.0,0.0,90.0,90.0,70.0,0.0,0.0,0.0,100.0,40.0,70.0,0.0,14.0,0.0,11.0,10.6,46.0
74,1,327,60,18,149,59,Course Page,53,60,209,0,0,5.45,38.15,0.18042813455657492,0.45565749235474007,2026-06-23,0,92.0,50.0,50.0,85.0,80.0,85.0,85.0,95.0,30.0,85.0,85.0,70.0,85.0,92.0,37.25,54.0,53.525,78.5
75,1,494,65,24,261,106,Course Page,21,232,240,0,0,7.6,53.199999999999996,0.2145748987854251,0.52834008097166,2026-06-23,0,74.0,41.0,41.0,40.0,0.0,60.0,100.0,90.0,60.0,85.0,100.0,100.0,90.0,74.0,49.0,55.0,54.6,72.5
76,1,187,29,28,42,24,Assignment,27,78,78,1,0,6.448275862068965,45.137931034482754,0.12834224598930483,0.22459893048128343,2026-06-23,0,60.0,45.0,45.0,100.0,40.0,90.0,80.0,90.0,20.0,70.0,65.0,60.0,70.0,60.0,48.75,53.0,53.075,68.5
77,1,220,35,24,90,28,Course Page,69,45,85,15,0,6.285714285714286,44.0,0.12727272727272726,0.4090909090909091,2026-06-23,0,54.0,89.35,89.35,50.0,0.0,80.0,100.0,0.0,50.0,0.0,0.0,100.0,0.0,54.0,39.25,50.0,50.495,38.0
78,1,445,66,27,247,87,Course Page,56,56,321,5,0,6.742424242424242,47.196969696969695,0.19550561797752808,0.5550561797752809,2026-06-23,1,92.5,73.3,73.3,90.0,80.0,80.0,0.0,65.0,50.0,70.0,70.0,70.0,100.0,92.5,3.5,39.0,39.16,67.5
79,1,375,47,29,104,82,Course Page,116,103,145,3,0,7.9787234042553195,55.851063829787236,0.21866666666666668,0.2773333333333333,2026-06-23,0,53.5,63.0,63.0,100.0,0.0,90.0,80.0,100.0,60.0,40.0,70.0,100.0,50.0,53.5,61.5,63.0,62.5,69.0
80,1,333,56,21,151,116,Course Page,52,86,193,2,0,5.946428571428571,41.625,0.3483483483483483,0.45345345345345345,2026-06-23,0,83.0,79.3,79.3,100.0,100.0,90.0,90.0,70.0,80.0,90.0,65.0,70.0,65.0,83.0,53.0,67.0,67.06,82.0
81,1,511,76,38,129,125,Lecture Material,176,149,152,22,0,6.723684210526316,47.065789473684205,0.2446183953033268,0.25244618395303325,2026-06-23,1,28.0,48.8,48.8,10.0,75.0,20.0,10.0,25.0,10.0,50.0,60.0,40.0,50.0,28.0,11.0,25.0,25.06,35.0
82,1,657,66,29,253,82,Course Page,111,236,299,7,0,9.954545454545455,69.68181818181819,0.1248097412480974,0.3850837138508371,2026-06-23,0,99.0,88.7,88.7,95.0,70.0,100.0,95.0,80.0,80.0,100.0,100.0,95.0,100.0,99.0,53.5,73.0,72.69,91.5
83,1,325,50,23,92,61,Course Page,36,69,212,7,0,6.5,45.5,0.18769230769230769,0.28307692307692306,2026-06-23,1,58.0,45.3,45.3,50.0,95.0,50.0,60.0,85.0,100.0,100.0,85.0,40.0,75.0,58.0,1.0,30.0,30.16,74.0
84,1,353,46,24,160,45,Course Page,63,58,227,3,0,7.673913043478261,53.71739130434783,0.1274787535410765,0.45325779036827196,2026-06-23,0,69.0,70.2,70.2,100.0,100.0,70.0,75.0,85.0,90.0,100.0,90.0,80.0,90.0,69.0,27.5,52.0,52.29,88.0
85,1,191,35,19,87,43,Course Page,15,72,103,1,0,5.457142857142857,38.2,0.225130890052356,0.45549738219895286,2026-06-23,1,31.0,0.0,0.0,70.0,100.0,30.0,100.0,95.0,100.0,100.0,100.0,100.0,100.0,31.0,0.0,21.0,21.0,89.5
86,1,343,47,32,174,43,Course Page,84,66,165,16,0,7.297872340425532,51.08510638297872,0.12536443148688048,0.5072886297376094,2026-06-23,1,64.0,68.1,68.1,40.0,0.0,50.0,70.0,100.0,0.0,40.0,70.0,20.0,0.0,64.0,4.5,30.0,30.07,39.0
87,1,120,14,16,27,13,Assignment,13,60,45,1,0,8.571428571428571,60.0,0.10833333333333334,0.225,2026-06-23,1,42.0,56.0,56.0,100.0,0.0,0.0,75.0,100.0,0.0,0.0,100.0,100.0,100.0,42.0,29.0,41.0,41.4,57.5
88,1,109,19,12,27,28,Course Page,17,37,55,0,0,5.7368421052631575,40.1578947368421,0.25688073394495414,0.24770642201834864,2026-06-23,0,83.0,86.5,86.5,100.0,0.0,100.0,100.0,0.0,0.0,0.0,0.0,0.0,0.0,83.0,61.0,62.0,62.1,30.0
89,1,284,62,20,165,64,Assignment,25,144,100,4,0,4.580645161290323,32.064516129032256,0.22535211267605634,0.5809859154929577,2026-06-23,1,18.0,38.0,38.0,0.0,0.0,0.0,0.0,0.0,0.0,0.0,0.0,0.0,0.0,18.0,0.0,9.0,9.4,0.0
90,1,502,51,32,95,64,Course Page,81,171,227,15,0,9.843137254901961,68.90196078431373,0.12749003984063745,0.1892430278884462,2026-06-23,0,79.0,82.55,82.55,100.0,80.0,90.0,80.0,90.0,100.0,90.0,100.0,95.0,80.0,79.0,61.5,73.0,73.26,90.5
91,1,311,51,28,149,41,Course Page,60,78,152,13,0,6.098039215686274,42.68627450980392,0.13183279742765272,0.4790996784565916,2026-06-23,0,95.0,84.95,84.95,80.0,95.0,50.0,75.0,85.0,80.0,100.0,90.0,85.0,90.0,95.0,58.5,72.0,72.34,83.0
92,1,488,51,41,75,94,Course Page,129,146,180,28,0,9.568627450980392,66.98039215686275,0.19262295081967212,0.15368852459016394,2026-06-23,1,82.5,72.5,72.5,0.0,100.0,70.0,70.0,95.0,0.0,100.0,0.0,0.0,0.0,82.5,17.0,40.0,39.95,43.5
93,1,188,31,24,45,7,Course Page,59,53,63,7,0,6.064516129032258,42.4516129032258,0.03723404255319149,0.2393617021276596,2026-06-23,1,29.5,23.0,23.0,60.0,0.0,50.0,50.0,5.0,40.0,40.0,0.0,40.0,0.0,29.5,39.0,33.0,32.75,28.5
94,1,417,35,26,164,46,Course Page,146,107,160,0,0,11.914285714285715,83.4,0.11031175059952038,0.3932853717026379,2026-06-23,0,29.5,17.0,17.0,80.0,40.0,90.0,90.0,80.0,35.0,60.0,70.0,55.0,0.0,29.5,65.0,51.0,50.85,60.0
96,1,780,74,46,653,188,Assignment,80,351,337,12,0,10.54054054054054,73.78378378378379,0.24102564102564103,0.8371794871794872,2026-06-23,1,44.0,1.2,1.2,85.0,100.0,70.0,90.0,65.0,100.0,100.0,70.0,70.0,100.0,44.0,6.5,25.0,24.89,85.0
97,1,157,35,15,39,54,Course Page,51,45,56,5,0,4.485714285714286,31.4,0.34394904458598724,0.2484076433121019,2026-06-23,1,100.0,55.7,55.7,80.0,0.0,85.0,100.0,0.0,0.0,75.0,75.0,70.0,70.0,100.0,23.5,44.0,43.99,55.5
98,1,145,23,16,67,31,Course Page,49,29,66,0,0,6.304347826086956,44.130434782608695,0.21379310344827587,0.46206896551724136,2026-06-23,1,66.0,73.1,73.1,20.0,0.0,0.0,100.0,0.0,0.0,0.0,0.0,0.0,0.0,66.0,9.0,28.0,28.12,12.0
99,1,417,49,36,77,31,Course Page,129,78,183,12,0,8.510204081632653,59.57142857142857,0.07434052757793765,0.18465227817745802,2026-06-23,0,75.0,79.0,79.0,85.0,50.0,100.0,80.0,90.0,95.0,0.0,75.0,0.0,90.0,75.0,46.0,60.0,59.6,66.5
100,1,57,20,5,8,6,Course Page,1,2,53,1,0,2.85,19.95,0.10526315789473684,0.14035087719298245,2026-06-23,1,43.5,0.0,0.0,0.0,0.0,50.0,75.0,70.0,50.0,50.0,0.0,0.0,0.0,43.5,0.0,10.0,10.25,29.5
101,1,733,50,30,296,161,Course Page,182,118,423,0,0,14.66,102.61999999999999,0.21964529331514324,0.4038199181446112,2026-06-23,1,43.0,67.0,67.0,65.0,60.0,70.0,55.0,90.0,90.0,90.0,80.0,90.0,90.0,43.0,9.0,38.0,37.8,78.0
102,1,121,15,11,53,24,Course Page,21,43,57,0,0,8.066666666666666,56.46666666666667,0.19834710743801653,0.4380165289256198,2026-06-23,1,3.0,0.0,0.0,0.0,0.0,0.0,25.0,25.0,0.0,20.0,0.0,0.0,0.0,3.0,0.0,2.0,1.7,7.0
103,1,444,81,45,215,128,Course Page,44,160,234,5,0,5.481481481481482,38.370370370370374,0.2882882882882883,0.48423423423423423,2026-06-23,0,40.0,93.0,93.0,100.0,100.0,100.0,90.0,95.0,100.0,100.0,100.0,100.0,100.0,40.0,63.5,74.0,74.05,98.5
104,1,421,72,28,140,80,Assignment,141,143,101,36,0,5.847222222222222,40.93055555555555,0.19002375296912113,0.332541567695962,2026-06-23,0,92.0,94.0,94.0,100.0,80.0,95.0,100.0,100.0,85.0,90.0,75.0,90.0,95.0,92.0,52.5,72.0,72.45,91.0
105,1,211,40,22,90,30,Course Page,36,74,95,5,0,5.275,36.925,0.14218009478672985,0.4265402843601896,2026-06-23,1,55.0,65.65,65.65,80.0,0.0,90.0,85.0,60.0,65.0,90.0,25.0,0.0,0.0,55.0,14.5,36.0,35.78,49.5
106,1,638,68,43,395,140,Course Page,75,188,345,7,0,9.382352941176471,65.6764705882353,0.219435736677116,0.6191222570532915,2026-06-23,1,50.0,32.8,32.8,100.0,60.0,90.0,40.0,0.0,0.0,0.0,70.0,50.0,60.0,50.0,23.75,33.0,32.835,47.0
107,1,678,69,46,174,108,Course Page,158,180,300,2,0,9.826086956521738,68.78260869565217,0.1592920353982301,0.25663716814159293,2026-06-23,0,66.0,77.0,77.0,30.0,0.0,100.0,80.0,50.0,90.0,60.0,65.0,80.0,55.0,66.0,38.0,53.0,53.2,61.0
108,1,333,32,25,260,79,Course Page,105,66,151,9,0,10.40625,72.84375,0.23723723723723725,0.7807807807807807,2026-06-23,0,55.5,76.0,76.0,50.0,0.0,75.0,85.0,60.0,80.0,65.0,50.0,40.0,0.0,55.5,52.0,57.0,56.85,50.5
109,1,205,30,19,103,6,Course Page,49,46,110,0,0,6.833333333333333,47.833333333333336,0.02926829268292683,0.5024390243902439,2026-06-23,0,55.0,85.0,85.0,50.0,85.0,60.0,90.0,70.0,0.0,80.0,0.0,0.0,0.0,55.0,70.5,66.0,66.45,43.5
110,1,251,30,30,194,56,Assignment,37,104,104,2,0,8.366666666666667,58.56666666666667,0.22310756972111553,0.7729083665338645,2026-06-23,1,49.0,58.5,58.5,0.0,0.0,50.0,50.0,0.0,70.0,0.0,60.0,0.0,40.0,49.0,0.0,22.0,22.0,27.0
111,1,257,25,34,153,18,Assignment,17,147,92,1,0,10.28,71.96,0.07003891050583658,0.5953307392996109,2026-06-23,1,69.0,63.3,63.3,100.0,90.0,100.0,100.0,95.0,100.0,0.0,70.0,70.0,0.0,69.0,21.0,45.0,44.56,72.5
112,1,189,26,24,79,31,Assignment,22,80,77,2,0,7.269230769230769,50.88461538461538,0.164021164021164,0.41798941798941797,2026-06-23,0,76.0,52.85,52.85,0.0,90.0,40.0,30.0,95.0,50.0,100.0,50.0,70.0,100.0,76.0,43.0,52.0,52.17,62.5
113,1,502,67,30,198,77,Course Page,61,120,293,1,0,7.492537313432836,52.44776119402985,0.15338645418326693,0.3944223107569721,2026-06-23,1,75.0,62.0,62.0,10.0,0.0,10.0,10.0,10.0,45.0,65.0,10.0,10.0,10.0,75.0,1.0,24.0,24.0,18.0
114,1,157,22,22,85,4,Assignment,15,92,46,0,0,7.136363636363637,49.95454545454545,0.025477707006369428,0.5414012738853503,2026-06-23,0,64.5,86.0,86.0,100.0,90.0,70.0,90.0,95.0,60.0,65.0,80.0,80.0,90.0,64.5,55.0,68.0,67.55,82.0
115,1,455,47,27,73,70,Course Page,106,151,195,2,0,9.680851063829786,67.76595744680851,0.15384615384615385,0.16043956043956045,2026-06-23,0,65.0,65.0,65.0,100.0,0.0,90.0,90.0,50.0,90.0,60.0,70.0,100.0,50.0,65.0,48.5,58.0,57.75,70.0
116,1,127,18,13,91,43,Course Page,11,45,62,8,0,7.055555555555555,49.388888888888886,0.33858267716535434,0.7165354330708661,2026-06-23,1,78.0,73.45,73.45,0.0,0.0,0.0,0.0,0.0,0.0,0.0,0.0,0.0,0.0,78.0,2.0,23.0,23.49,0.0
117,1,105,20,22,8,9,Assignment,27,53,23,2,0,5.25,36.75,0.08571428571428572,0.0761904761904762,2026-06-23,0,50.0,91.5,91.5,100.0,100.0,100.0,100.0,100.0,100.0,100.0,100.0,100.0,100.0,50.0,78.0,82.0,82.3,100.0
118,1,803,74,32,219,117,Assignment,146,351,295,7,0,10.85135135135135,75.95945945945947,0.14570361145703611,0.2727272727272727,2026-06-23,0,83.0,94.65,94.65,90.0,100.0,95.0,70.0,75.0,30.0,90.0,90.0,70.0,50.0,83.0,42.75,64.0,63.805,76.0
119,1,165,29,22,66,9,Course Page,40,59,66,0,0,5.689655172413793,39.82758620689655,0.05454545454545454,0.4,2026-06-23,0,41.0,77.5,77.5,100.0,50.0,100.0,90.0,100.0,10.0,95.0,100.0,40.0,50.0,41.0,30.5,50.0,49.55,73.5
120,1,191,37,15,42,34,Course Page,63,35,90,3,0,5.162162162162162,36.13513513513514,0.17801047120418848,0.2198952879581152,2026-06-23,0,64.0,83.05,83.05,100.0,100.0,100.0,100.0,0.0,100.0,90.0,85.0,100.0,85.0,64.0,42.5,61.0,61.46,86.0
121,1,230,27,33,108,45,Course Page,81,40,100,2,0,8.518518518518519,59.629629629629626,0.1956521739130435,0.46956521739130436,2026-06-23,1,61.0,31.75,31.75,0.0,0.0,80.0,0.0,0.0,50.0,0.0,55.0,0.0,0.0,61.0,17.5,25.0,24.9,18.5
122,1,171,22,24,12,4,Assignment,44,66,59,0,0,7.7727272727272725,54.409090909090914,0.023391812865497075,0.07017543859649122,2026-06-23,0,83.0,78.73,78.73,100.0,0.0,100.0,100.0,100.0,100.0,100.0,85.0,100.0,100.0,83.0,44.25,64.0,63.871,88.5
123,1,134,21,26,64,13,Lecture Material,46,38,44,4,0,6.380952380952381,44.666666666666664,0.09701492537313433,0.47761194029850745,2026-06-23,1,0.0,63.0,63.0,50.0,0.0,25.0,30.0,0.0,40.0,0.0,0.0,0.0,50.0,0.0,3.0,18.0,18.0,19.5
124,1,599,89,29,211,134,Course Page,191,65,320,22,0,6.730337078651686,47.1123595505618,0.22370617696160267,0.35225375626043404,2026-06-23,0,69.0,72.1,72.1,90.0,95.0,80.0,80.0,90.0,75.0,80.0,95.0,70.0,85.0,69.0,68.5,72.0,72.37,84.0
125,1,669,89,33,185,153,Course Page,200,107,351,8,0,7.51685393258427,52.61797752808989,0.22869955156950672,0.2765321375186846,2026-06-23,0,72.0,73.5,73.5,100.0,95.0,80.0,90.0,100.0,70.0,90.0,100.0,90.0,85.0,72.0,70.0,75.0,74.9,90.0
126,1,205,29,20,22,83,Assignment,35,88,78,2,0,7.068965517241379,49.48275862068965,0.40487804878048783,0.1073170731707317,2026-06-23,0,89.0,54.0,54.0,45.0,0.0,85.0,100.0,90.0,40.0,65.0,60.0,70.0,80.0,89.0,41.0,53.0,52.9,63.5
127,1,169,28,19,91,35,Course Page,36,50,83,0,0,6.035714285714286,42.25,0.20710059171597633,0.5384615384615384,2026-06-23,1,52.0,0.0,0.0,50.0,0.0,30.0,50.0,70.0,10.0,85.0,0.0,0.0,0.0,52.0,23.0,23.0,22.6,29.5
128,1,230,44,23,71,45,Course Page,19,97,104,5,0,5.2272727272727275,36.59090909090909,0.1956521739130435,0.30869565217391304,2026-06-23,1,58.0,68.7,68.7,85.0,0.0,65.0,55.0,60.0,0.0,85.0,75.0,0.0,85.0,58.0,0.0,30.0,29.74,51.0
129,1,662,60,34,264,156,Course Page,178,162,309,1,0,11.033333333333333,77.23333333333333,0.23564954682779457,0.3987915407854985,2026-06-23,1,80.0,30.0,30.0,60.0,0.0,20.0,50.0,60.0,100.0,50.0,60.0,0.0,0.0,80.0,4.25,24.0,24.125,40.0
130,1,183,31,15,70,30,Assignment,35,76,72,0,0,5.903225806451613,41.32258064516129,0.16393442622950818,0.3825136612021858,2026-06-23,1,75.0,57.4,57.4,40.0,0.0,0.0,0.0,90.0,100.0,0.0,0.0,0.0,0.0,75.0,2.0,25.0,24.58,23.0
131,1,261,35,29,76,37,Course Page,72,72,102,8,0,7.457142857142857,52.2,0.1417624521072797,0.29118773946360155,2026-06-23,0,99.0,76.35,76.35,85.0,85.0,80.0,100.0,90.0,100.0,90.0,85.0,80.0,80.0,99.0,79.0,82.0,82.17,87.5
132,1,341,42,28,97,27,Course Page,29,127,169,10,0,8.119047619047619,56.833333333333336,0.07917888563049853,0.2844574780058651,2026-06-23,0,88.0,95.55,95.55,90.0,0.0,60.0,90.0,80.0,70.0,50.0,80.0,100.0,60.0,88.0,43.5,63.0,63.26,68.0
133,1,157,18,18,49,16,Course Page,25,54,70,0,0,8.722222222222221,61.05555555555555,0.10191082802547771,0.31210191082802546,2026-06-23,1,30.0,28.9,28.9,0.0,0.0,50.0,0.0,0.0,0.0,0.0,0.0,0.0,0.0,30.0,1.0,10.0,10.28,5.0
134,1,418,37,31,214,88,Course Page,121,75,201,15,0,11.297297297297296,79.08108108108108,0.21052631578947367,0.5119617224880383,2026-06-23,1,44.0,62.0,62.0,70.0,65.0,0.0,20.0,20.0,0.0,95.0,60.0,70.0,0.0,44.0,5.0,27.0,27.3,40.0
135,1,237,30,37,175,32,Assignment,25,140,70,1,0,7.9,55.300000000000004,0.1350210970464135,0.7383966244725738,2026-06-23,1,37.0,50.35,50.35,85.0,90.0,100.0,95.0,100.0,100.0,100.0,70.0,100.0,0.0,37.0,14.5,38.0,37.82,84.0
136,1,359,51,22,145,87,Course Page,35,159,161,2,0,7.03921568627451,49.27450980392157,0.24233983286908078,0.403899721448468,2026-06-23,0,68.0,83.85,83.85,75.0,80.0,80.0,0.0,75.0,70.0,65.0,75.0,70.0,65.0,68.0,38.5,56.0,55.92,65.5
137,1,307,28,42,114,29,Assignment,29,188,90,0,0,10.964285714285714,76.75,0.09446254071661238,0.3713355048859935,2026-06-23,1,54.5,50.35,50.35,90.0,100.0,70.0,90.0,95.0,100.0,100.0,70.0,70.0,100.0,54.5,8.5,37.0,37.47,88.5
138,1,214,24,20,92,61,Assignment,17,99,93,1,0,8.916666666666666,62.41666666666667,0.2850467289719626,0.42990654205607476,2026-06-23,1,67.0,88.5,88.5,30.0,35.0,70.0,90.0,95.0,0.0,90.0,100.0,0.0,90.0,67.0,11.5,42.0,42.15,60.0
139,1,135,22,15,72,40,Course Page,15,54,64,0,0,6.136363636363637,42.95454545454545,0.2962962962962963,0.5333333333333333,2026-06-23,1,61.0,65.0,65.0,60.0,0.0,30.0,10.0,50.0,80.0,0.0,50.0,30.0,0.0,61.0,14.5,33.0,32.55,31.0
140,1,7,5,3,1,2,Course Page,0,2,4,1,0,1.4,9.799999999999999,0.2857142857142857,0.14285714285714285,2026-06-23,1,0.0,0.0,0.0,0.0,0.0,20.0,0.0,0.0,0.0,0.0,0.0,0.0,0.0,0.0,0.0,0.0,0.4,2.0
141,1,374,51,28,119,53,Course Page,59,100,201,9,0,7.333333333333333,51.333333333333336,0.14171122994652408,0.3181818181818182,2026-06-23,1,87.5,43.78,43.78,60.0,30.0,35.0,60.0,100.0,50.0,30.0,50.0,50.0,0.0,87.5,42.25,48.0,47.931,46.5
142,1,277,47,24,39,44,Course Page,89,57,125,6,0,5.8936170212765955,41.25531914893617,0.1588447653429603,0.1407942238267148,2026-06-23,0,79.0,95.9,95.9,100.0,90.0,100.0,0.0,80.0,90.0,100.0,100.0,85.0,75.0,79.0,54.5,71.0,70.73,82.0
143,1,501,38,26,232,64,Course Page,188,65,235,9,0,13.18421052631579,92.28947368421052,0.1277445109780439,0.4630738522954092,2026-06-23,1,81.0,0.0,0.0,90.0,0.0,20.0,0.0,0.0,0.0,30.0,0.0,0.0,0.0,81.0,4.75,13.0,13.275,14.0
144,1,105,12,17,90,27,Course Page,3,33,66,0,0,8.75,61.25,0.2571428571428571,0.8571428571428571,2026-06-23,0,0.0,87.0,87.0,50.0,75.0,70.0,0.0,0.0,0.0,90.0,30.0,95.0,0.0,0.0,65.25,58.0,58.225,41.0
145,1,112,10,16,82,2,Lecture Material,48,26,35,3,0,11.2,78.39999999999999,0.017857142857142856,0.7321428571428571,2026-06-23,1,65.0,0.0,0.0,100.0,0.0,40.0,90.0,0.0,80.0,0.0,0.0,0.0,0.0,65.0,8.0,17.0,16.7,31.0
146,1,176,34,18,87,41,Lecture Material,70,39,63,2,0,5.176470588235294,36.235294117647065,0.23295454545454544,0.4943181818181818,2026-06-23,1,75.0,55.5,55.5,75.0,0.0,70.0,0.0,0.0,0.0,0.0,0.0,0.0,0.0,75.0,0.0,22.0,21.5,14.5
147,1,265,37,26,83,78,Course Page,60,81,115,8,0,7.162162162162162,50.13513513513514,0.2943396226415094,0.3132075471698113,2026-06-23,1,88.0,12.75,12.75,100.0,0.0,95.0,100.0,0.0,75.0,0.0,40.0,0.0,0.0,88.0,11.0,25.0,25.05,41.0
148,1,101,21,18,44,17,Assignment,26,38,34,3,0,4.809523809523809,33.666666666666664,0.16831683168316833,0.43564356435643564,2026-06-23,1,36.0,55.8,55.8,100.0,0.0,100.0,0.0,80.0,0.0,30.0,0.0,0.0,0.0,36.0,6.0,24.0,23.96,31.0
149,1,166,22,35,63,9,Assignment,14,126,26,0,0,7.545454545454546,52.81818181818182,0.05421686746987952,0.3795180722891566,2026-06-23,0,66.0,62.75,62.75,100.0,0.0,100.0,100.0,95.0,100.0,90.0,100.0,100.0,100.0,66.0,47.25,60.0,60.475,88.5
150,1,94,25,14,25,20,Course Page,27,27,40,0,0,3.76,26.32,0.2127659574468085,0.26595744680851063,2026-06-23,0,49.0,95.3,95.3,90.0,100.0,95.0,100.0,100.0,100.0,100.0,100.0,100.0,0.0,49.0,54.25,69.0,68.785,88.5
151,1,54,13,13,27,10,Course Page,15,10,28,0,0,4.153846153846154,29.076923076923077,0.18518518518518517,0.5,2026-06-23,1,0.0,0.0,0.0,80.0,100.0,0.0,10.0,0.0,0.0,60.0,70.0,70.0,100.0,0.0,0.0,10.0,9.8,49.0
152,1,203,24,18,118,43,Course Page,33,76,87,1,0,8.458333333333334,59.208333333333336,0.21182266009852216,0.5812807881773399,2026-06-23,1,29.0,38.0,38.0,0.0,0.0,0.0,0.0,10.0,0.0,10.0,0.0,0.0,0.0,29.0,0.0,11.0,10.9,2.0
153,1,92,22,13,66,15,Assignment,23,60,8,0,0,4.181818181818182,29.272727272727273,0.16304347826086957,0.717391304347826,2026-06-23,1,65.0,60.4,60.4,30.0,0.0,65.0,50.0,60.0,50.0,65.0,0.0,10.0,60.0,65.0,0.0,26.0,26.38,39.0
154,1,220,28,34,152,39,Course Page,46,42,115,2,0,7.857142857142857,55.0,0.17727272727272728,0.6909090909090909,2026-06-23,1,1.0,0.0,0.0,0.0,0.0,0.0,0.0,0.0,0.0,0.0,50.0,0.0,0.0,1.0,0.0,1.0,1.1,5.0
155,1,8,3,4,6,0,Course Page,2,2,4,0,0,2.6666666666666665,18.666666666666668,0.0,0.75,2026-06-23,1,0.0,0.0,0.0,0.0,0.0,0.0,0.0,0.0,0.0,0.0,0.0,0.0,0.0,0.0,0.0,0.0,0.0,0.0
156,1,75,18,14,9,6,Course Page,17,26,30,2,0,4.166666666666667,29.166666666666664,0.08,0.12,2026-06-23,1,94.0,82.7,82.7,90.0,80.0,100.0,70.0,100.0,50.0,90.0,70.0,90.0,85.0,94.0,0.0,42.0,42.44,82.5
157,1,96,15,20,45,10,Course Page,28,15,50,0,0,6.4,44.800000000000004,0.10416666666666667,0.46875,2026-06-23,1,16.0,0.0,0.0,80.0,0.0,65.0,0.0,0.0,0.0,0.0,0.0,0.0,0.0,16.0,0.0,5.0,4.5,14.5
158,1,48,9,8,11,2,Course Page,4,14,29,0,0,5.333333333333333,37.33333333333333,0.041666666666666664,0.22916666666666666,2026-06-23,1,33.0,0.0,0.0,0.0,0.0,0.0,0.0,0.0,0.0,0.0,0.0,0.0,0.0,33.0,0.0,3.0,3.3,0.0
159,1,47,6,9,5,0,Assignment,7,23,17,0,0,7.833333333333333,54.833333333333336,0.0,0.10638297872340426,2026-06-23,1,21.0,0.0,0.0,0.0,0.0,60.0,90.0,0.0,0.0,0.0,0.0,0.0,0.0,21.0,0.0,5.0,5.1,15.0
160,1,101,14,11,6,21,Course Page,18,36,46,0,0,7.214285714285714,50.5,0.2079207920792079,0.0594059405940594,2026-06-23,1,50.0,0.0,0.0,0.0,0.0,0.0,0.0,0.0,0.0,0.0,0.0,0.0,0.0,50.0,0.0,5.0,5.0,0.0
161,1,134,17,14,58,40,Course Page,20,40,70,4,0,7.882352941176471,55.1764705882353,0.29850746268656714,0.43283582089552236,2026-06-23,1,0.0,0.0,0.0,40.0,0.0,50.0,20.0,0.0,0.0,0.0,0.0,0.0,0.0,0.0,2.0,3.0,3.2,11.0
162,1,71,12,17,35,14,Course Page,13,25,30,1,0,5.916666666666667,41.41666666666667,0.19718309859154928,0.49295774647887325,2026-06-23,1,0.0,0.0,0.0,75.0,0.0,50.0,0.0,50.0,70.0,0.0,80.0,0.0,0.0,0.0,0.0,7.0,6.5,32.5
163,1,170,21,27,118,58,Assignment,21,120,27,0,0,8.095238095238095,56.666666666666664,0.3411764705882353,0.6941176470588235,2026-06-23,1,0.0,0.0,0.0,85.0,0.0,70.0,100.0,95.0,100.0,100.0,0.0,0.0,0.0,0.0,0.0,11.0,11.0,55.0
164,1,16,7,4,15,8,Course Page,0,2,13,0,0,2.2857142857142856,16.0,0.5,0.9375,2026-06-23,1,0.0,0.0,0.0,0.0,0.0,0.0,0.0,0.0,0.0,0.0,0.0,0.0,0.0,0.0,0.0,0.0,0.0,0.0
165,1,38,9,10,5,12,Course Page,13,9,16,0,0,4.222222222222222,29.555555555555554,0.3157894736842105,0.13157894736842105,2026-06-23,1,0.0,0.0,0.0,70.0,0.0,80.0,0.0,0.0,0.0,0.0,0.0,0.0,0.0,0.0,0.0,3.0,3.0,15.0
166,1,12,7,2,7,7,Assignment,0,7,5,0,0,1.7142857142857142,12.0,0.5833333333333334,0.5833333333333334,2026-06-23,1,0.0,0.0,0.0,20.0,0.0,0.0,0.0,0.0,0.0,0.0,0.0,0.0,0.0,0.0,0.0,0.0,0.4,2.0
167,1,14,5,6,12,3,Course Page,3,2,8,1,0,2.8,19.599999999999998,0.21428571428571427,0.8571428571428571,2026-06-23,1,0.0,0.0,0.0,0.0,0.0,0.0,0.0,0.0,0.0,0.0,0.0,0.0,0.0,0.0,0.0,0.0,0.0,0.0
168,1,103,6,13,6,32,Course Page,37,21,45,0,0,17.166666666666668,120.16666666666667,0.3106796116504854,0.05825242718446602,2026-06-23,1,0.0,0.0,0.0,85.0,0.0,0.0,0.0,0.0,0.0,0.0,0.0,0.0,0.0,0.0,0.0,2.0,1.7,8.5
169,1,2,1,2,0,0,Course Page,0,0,1,1,0,2.0,14.0,0.0,0.0,2026-06-23,1,0.0,0.0,0.0,0.0,0.0,0.0,0.0,0.0,0.0,0.0,0.0,0.0,0.0,0.0,0.0,0.0,0.0,0.0
170,1,0,0,0,0,0,No Activity,0,0,0,0,0,0.0,0.0,0.0,0.0,2026-06-23,1,0.0,0.0,0.0,0.0,0.0,0.0,0.0,0.0,0.0,0.0,0.0,0.0,0.0,0.0,0.0,0.0,0.0,0.0
171,1,0,0,0,0,0,No Activity,0,0,0,0,0,0.0,0.0,0.0,0.0,2026-06-23,1,0.0,0.0,0.0,0.0,0.0,0.0,0.0,0.0,0.0,0.0,0.0,0.0,0.0,0.0,0.0,0.0,0.0,0.0
