student_key,student_id,full_name,email
1,20220829,John Surname046,20220829@murdoch.edu.au
2,15925111,John Surname111,15925111@student.murdoch.edu.au
3,15925076,John Surname076,15925076@student.murdoch.edu.au
4,15925161,John Surname161,15925161@student.murdoch.edu.au
5,15925016,John Surname016,15925016@student.murdoch.edu.au
6,15925085,John Surname085,15925085@student.murdoch.edu.au
7,15925004,John Surname004,15925004@student.murdoch.edu.au
8,15925026,John Surname026,15925026@student.murdoch.edu.au
9,15925124,John Surname124,15925124@student.murdoch.edu.au
10,15925120,John Surname120,15925120@student.murdoch.edu.au
11,15925065,John Surname065,15925065@student.murdoch.edu.au
12,15925153,John Surname153,15925153@student.murdoch.edu.au
13,15925074,John Surname074,15925074@student.murdoch.edu.au
14,15925162,John Surname162,15925162@student.murdoch.edu.au
15,15925019,John Surname019,15925019@student.murdoch.edu.au
16,15925158,John Surname158,15925158@student.murdoch.edu.au
17,15925025,John Surname025,15925025@student.murdoch.edu.au
18,15925069,Joy Surname069,15925069@student.murdoch.edu.au
19,15925093,Joy Surname093,15925093@student.murdoch.edu.au
20,15925086,John Surname086,15925086@student.murdoch.edu.au
21,15925140,John Surname140,15925140@student.murdoch.edu.au
22,15925125,John Surname125,15925125@student.murdoch.edu.au
23,15925020,John Surname020,15925020@student.murdoch.edu.au
24,15925099,John Surname099,15925099@student.murdoch.edu.au
25,15925040,Joy Surname040,15925040@student.murdoch.edu.au
26,15925047,John Surname047,15925047@student.murdoch.edu.au
27,15925071,John Surname071,15925071@student.murdoch.edu.au
28,15925170,John Surname170,15925170@student.murdoch.edu.au
29,15925077,John Surname077,15925077@student.murdoch.edu.au
30,15925091,Joy Surname091,15925091@student.murdoch.edu.au
31,15925163,John Surname163,15925163@student.murdoch.edu.au
32,15925131,John Surname131,15925131@student.murdoch.edu.au
33,15925009,John Surname009,15925009@student.murdoch.edu.au
34,15925067,Joy Surname067,15925067@student.murdoch.edu.au
35,15925133,John Surname133,15925133@student.murdoch.edu.au
36,15925114,John Surname114,15925114@student.murdoch.edu.au
37,15925147,John Surname147,15925147@student.murdoch.edu.au
38,15925028,Joy Surname028,15925028@student.murdoch.edu.au
39,15925070,John Surname070,15925070@student.murdoch.edu.au
40,15925038,John Surname037,15925038@student.murdoch.edu.au
41,15925013,John Surname013,15925013@student.murdoch.edu.au
42,15925096,John Surname096,15925096@student.murdoch.edu.au
43,15925035,John Surname035,15925035@student.murdoch.edu.au
44,15925138,John Surname138,15925138@student.murdoch.edu.au
45,15925143,Joy Surname143,15925143@student.murdoch.edu.au
46,15925157,John Surname157,15925157@student.murdoch.edu.au
47,15925137,Joy Surname137,15925137@student.murdoch.edu.au
48,15925057,John Surname057,15925057@student.murdoch.edu.au
49,15925014,John Surname014,15925014@student.murdoch.edu.au
50,15925121,Joy Surname121,15925121@student.murdoch.edu.au
51,15925141,Joy Surname141,15925141@student.murdoch.edu.au
52,15925042,John Surname042,15925042@student.murdoch.edu.au
53,15925049,John Surname049,15925049@student.murdoch.edu.au
54,15925088,Joy Surname088,15925088@student.murdoch.edu.au
55,15925054,Joy Surname054,15925054@student.murdoch.edu.au
56,15925044,John Surname044,15925044@student.murdoch.edu.au
57,15925008,John Surname008,15925008@student.murdoch.edu.au
58,15925083,John Surname083,15925083@student.murdoch.edu.au
59,15925166,John Surname166,15925166@student.murdoch.edu.au
60,15925079,John Surname079,15925079@student.murdoch.edu.au
61,15925167,Joy Surname167,15925167@student.murdoch.edu.au
62,15925007,John Surname007,15925007@student.murdoch.edu.au
63,15925055,John Surname055,15925055@student.murdoch.edu.au
64,15925159,John Surname159,15925159@student.murdoch.edu.au
65,15925107,Joy Surname107,15925107@student.murdoch.edu.au
66,15925101,Joy Surname101,15925101@student.murdoch.edu.au
67,15925073,John Surname073,15925073@student.murdoch.edu.au
68,15925082,John Surname082,15925082@student.murdoch.edu.au
69,15925148,Joy Surname148,15925148@student.murdoch.edu.au
70,15925116,John Surname116,15925116@student.murdoch.edu.au
71,15925094,John Surname094,15925094@student.murdoch.edu.au
72,15925100,John Surname100,15925100@student.murdoch.edu.au
73,15925066,John Surname066,15925066@student.murdoch.edu.au
74,15925169,John Surname169,15925169@student.murdoch.edu.au
75,15925048,John Surname048,15925048@student.murdoch.edu.au
76,15925098,John Surname098,15925098@student.murdoch.edu.au
77,15925023,John Surname023,15925023@student.murdoch.edu.au
78,15925022,John Surname022,15925022@student.murdoch.edu.au
79,15925155,John Surname155,15925155@student.murdoch.edu.au
80,15925056,John Surname056,15925056@student.murdoch.edu.au
81,15925104,Joy Surname104,15925104@student.murdoch.edu.au
82,15925080,John Surname080,15925080@student.murdoch.edu.au
83,15925018,John Surname018,15925018@student.murdoch.edu.au
84,15925123,John Surname123,15925123@student.murdoch.edu.au
85,15925087,Joy Surname087,15925087@student.murdoch.edu.au
86,15925142,Joy Surname142,15925142@student.murdoch.edu.au
87,15925021,John Surname021,15925021@student.murdoch.edu.au
88,15925128,John Surname128,15925128@student.murdoch.edu.au
89,15925045,John Surname045,15925045@student.murdoch.edu.au
90,15925063,John Surname063,15925063@student.murdoch.edu.au
91,15925046,John Surname046,15925046@student.murdoch.edu.au
92,15925149,John Surname149,15925149@student.murdoch.edu.au
93,15925039,Joy Surname039,15925039@student.murdoch.edu.au
94,15925134,Joy Surname134,15925134@student.murdoch.edu.au
95,15925043,John Surname043,15925043@student.murdoch.edu.au
96,15925136,John Surname136,15925136@student.murdoch.edu.au
97,15925078,John Surname078,15925078@student.murdoch.edu.au
98,15925139,John Surname139,15925139@student.murdoch.edu.au
99,15925106,John Surname106,15925106@student.murdoch.edu.au
100,15925033,John Surname033,15925033@student.murdoch.edu.au
101,15925122,John Surname122,15925122@student.murdoch.edu.au
102,15925003,John Surname003,15925003@student.murdoch.edu.au
103,15925059,John Surname059,15925059@student.murdoch.edu.au
104,15925118,John Surname118,15925118@student.murdoch.edu.au
105,15925064,Joy Surname064,15925064@student.murdoch.edu.au
106,15925017,John Surname017,15925017@student.murdoch.edu.au
107,15925109,John Surname109,15925109@student.murdoch.edu.au
108,15925089,John Surname089,15925089@student.murdoch.edu.au
109,15925126,John Surname126,15925126@student.murdoch.edu.au
110,15925015,John Surname015,15925015@student.murdoch.edu.au
111,15925005,John Surname005,15925005@student.murdoch.edu.au
112,15925001,John Surname001,15925001@student.murdoch.edu.au
113,15925135,John Surname135,15925135@student.murdoch.edu.au
114,15925075,John Surname075,15925075@student.murdoch.edu.au
115,15925154,John Surname154,15925154@student.murdoch.edu.au
116,15925129,John Surname129,15925129@student.murdoch.edu.au
117,15925097,Joy Surname097,15925097@student.murdoch.edu.au
118,15925115,John Surname115,15925115@student.murdoch.edu.au
119,15925095,John Surname095,15925095@student.murdoch.edu.au
120,15925150,John Surname150,15925150@student.murdoch.edu.au
121,15925030,Joy Surname030,15925030@student.murdoch.edu.au
122,15925062,John Surname062,15925062@student.murdoch.edu.au
123,15925113,John Surname113,15925113@student.murdoch.edu.au
124,15925102,John Surname102,15925102@student.murdoch.edu.au
125,15925103,John Surname103,15925103@student.murdoch.edu.au
126,15925084,John Surname084,15925084@student.murdoch.edu.au
127,15925053,John Surname053,15925053@student.murdoch.edu.au
128,15925037,John Surname037,15925037@student.murdoch.edu.au
129,15925168,John Surname168,15925168@student.murdoch.edu.au
130,15925145,John Surname145,15925145@student.murdoch.edu.au
131,15925068,John Surname068,15925068@student.murdoch.edu.au
132,15925152,John Surname152,15925152@student.murdoch.edu.au
133,15925072,John Surname072,15925072@student.murdoch.edu.au
134,15925110,John Surname110,15925110@student.murdoch.edu.au
135,15925002,John Surname002,15925002@student.murdoch.edu.au
136,15925031,John Surname031,15925031@student.murdoch.edu.au
137,15925036,John Surname036,15925036@student.murdoch.edu.au
138,15925156,John Surname156,15925156@student.murdoch.edu.au
139,15925112,John Surname112,15925112@student.murdoch.edu.au
140,15925164,John Surname164,15925164@student.murdoch.edu.au
141,15925127,John Surname127,15925127@student.murdoch.edu.au
142,15925029,John Surname029,15925029@student.murdoch.edu.au
143,15925090,John Surname090,15925090@student.murdoch.edu.au
144,15925117,John Surname117,15925117@student.murdoch.edu.au
145,15925051,John Surname051,15925051@student.murdoch.edu.au
146,15925061,John Surname061,15925061@student.murdoch.edu.au
147,15925012,John Surname012,15925012@student.murdoch.edu.au
148,15925011,John Surname011,15925011@student.murdoch.edu.au
149,15925060,John Surname060,15925060@student.murdoch.edu.au
150,15925130,John Surname130,15925130@student.murdoch.edu.au
151,15925032,John Surname032,15925032@student.murdoch.edu.au
152,15925027,John Surname027,15925027@student.murdoch.edu.au
153,15925052,John Surname052,15925052@student.murdoch.edu.au
154,15925010,Joy Surname010,15925010@student.murdoch.edu.au
155,15925024,John Surname024,15925024@student.murdoch.edu.au
156,15925050,John Surname050,15925050@student.murdoch.edu.au
157,15925146,Joy Surname146,15925146@student.murdoch.edu.au
158,15925144,John Surname144,15925144@student.murdoch.edu.au
159,15925119,John Surname119,15925119@student.murdoch.edu.au
160,15925006,John Surname006,15925006@student.murdoch.edu.au
161,15925132,John Surname132,15925132@student.murdoch.edu.au
162,15925105,Joy Surname105,15925105@student.murdoch.edu.au
163,15925108,John Surname108,15925108@student.murdoch.edu.au
164,15925034,John Surname034,15925034@student.murdoch.edu.au
165,15925151,John Surname151,15925151@student.murdoch.edu.au
166,15925058,John Surname058,15925058@student.murdoch.edu.au
167,15925081,John Surname081,15925081@student.murdoch.edu.au
168,15925160,Joy Surname160,15925160@student.murdoch.edu.au
169,15925041,Joy Surname041,15925041@student.murdoch.edu.au
170,15925092,,
171,15925165,,
172,3,Student Test1,charlotte.ayemyat@gmail.com
