result_fact_id,student_key,course_key,academic_period_key,assessment_key,grade_key,assessment_score,final_mark,source_system
1,112,1,1,1,4,,52.0,
2,135,1,1,1,5,85.0,38.0,
3,102,1,1,1,5,,2.0,
4,7,1,1,1,22,60.0,46.0,
5,111,1,1,1,22,100.0,45.0,
6,160,1,1,1,5,0.0,5.0,
7,62,1,1,1,22,90.0,48.0,
8,57,1,1,1,22,100.0,47.0,
9,33,1,1,1,22,80.0,49.0,
10,154,1,1,1,5,,1.0,
11,148,1,1,1,5,100.0,24.0,
12,147,1,1,1,5,100.0,25.0,
13,41,1,1,1,5,0.0,15.0,
14,49,1,1,1,5,70.0,26.0,
15,110,1,1,1,5,,22.0,
16,5,1,1,1,1,70.0,86.0,
17,106,1,1,1,5,100.0,33.0,
18,83,1,1,1,5,50.0,30.0,
19,15,1,1,1,4,85.0,59.0,
20,23,1,1,1,1,90.0,83.0,
21,87,1,1,1,7,100.0,41.0,
22,78,1,1,1,5,90.0,39.0,
23,77,1,1,1,4,50.0,50.0,
24,155,1,1,1,5,,0.0,
25,17,1,1,1,5,70.0,5.0,
26,8,1,1,1,22,25.0,46.0,
27,152,1,1,1,5,,11.0,
28,38,1,1,1,22,60.0,45.0,
29,142,1,1,1,2,100.0,71.0,
30,121,1,1,1,5,,25.0,
31,136,1,1,1,4,75.0,56.0,
32,151,1,1,1,5,80.0,10.0,
33,100,1,1,1,5,,10.0,
34,164,1,1,1,5,,0.0,
35,43,1,1,1,7,45.0,43.0,
36,137,1,1,1,5,90.0,37.0,
37,128,1,1,1,5,85.0,30.0,
38,40,1,1,1,5,100.0,34.0,
39,93,1,1,1,5,60.0,33.0,
40,25,1,1,1,7,100.0,40.0,
41,169,1,1,1,5,,0.0,
42,52,1,1,1,3,80.0,62.0,
43,95,1,1,1,9,30.0,,
44,56,1,1,1,3,80.0,60.0,
45,89,1,1,1,5,,9.0,
46,91,1,1,1,2,80.0,72.0,
47,26,1,1,1,5,60.0,18.0,
48,75,1,1,1,4,40.0,55.0,
49,53,1,1,1,5,100.0,37.0,
50,156,1,1,1,7,90.0,42.0,
51,145,1,1,1,5,100.0,17.0,
52,153,1,1,1,5,30.0,26.0,
53,127,1,1,1,5,50.0,23.0,
54,55,1,1,1,5,75.0,22.0,
55,63,1,1,1,22,100.0,46.0,
56,80,1,1,1,3,100.0,67.0,
57,48,1,1,1,22,100.0,48.0,
58,166,1,1,1,5,20.0,0.0,
59,103,1,1,1,2,100.0,74.0,
60,149,1,1,1,3,100.0,60.0,
61,146,1,1,1,5,75.0,22.0,
62,122,1,1,1,3,100.0,64.0,
63,90,1,1,1,2,100.0,73.0,
64,105,1,1,1,5,80.0,36.0,
65,11,1,1,1,5,70.0,33.0,
66,73,1,1,1,5,90.0,11.0,
67,34,1,1,1,7,100.0,44.0,
68,131,1,1,1,1,85.0,82.0,
69,18,1,1,1,5,,0.0,
70,39,1,1,1,2,100.0,70.0,
71,27,1,1,1,5,80.0,24.0,
72,133,1,1,1,5,,10.0,
73,67,1,1,1,2,85.0,70.0,
74,13,1,1,1,2,100.0,76.0,
75,114,1,1,1,3,100.0,68.0,
76,3,1,1,1,9,100.0,,
77,29,1,1,1,4,100.0,59.0,
78,97,1,1,1,7,80.0,44.0,
79,60,1,1,1,3,80.0,65.0,
80,82,1,1,1,2,95.0,73.0,
81,167,1,1,1,5,0.0,0.0,
82,68,1,1,1,7,80.0,44.0,
83,58,1,1,1,5,30.0,20.0,
84,126,1,1,1,4,45.0,53.0,
85,6,1,1,1,9,90.0,,
86,20,1,1,1,5,100.0,34.0,
87,85,1,1,1,5,70.0,21.0,
88,54,1,1,1,7,30.0,41.0,
89,108,1,1,1,4,50.0,57.0,
90,143,1,1,1,5,90.0,13.0,
91,30,1,1,1,5,95.0,17.0,
92,170,1,1,1,5,,0.0,
93,19,1,1,1,1,80.0,83.0,
94,71,1,1,1,5,75.0,30.0,
95,119,1,1,1,4,100.0,50.0,
96,42,1,1,1,3,60.0,62.0,
97,117,1,1,1,1,100.0,82.0,
98,76,1,1,1,4,100.0,53.0,
99,24,1,1,1,7,100.0,40.0,
100,72,1,1,1,3,100.0,66.0,
101,66,1,1,1,22,80.0,46.0,
102,124,1,1,1,2,90.0,72.0,
103,125,1,1,1,2,100.0,75.0,
104,81,1,1,1,5,10.0,25.0,
105,162,1,1,1,5,75.0,7.0,
106,99,1,1,1,3,85.0,60.0,
107,65,1,1,1,4,90.0,58.0,
108,163,1,1,1,5,85.0,11.0,
109,107,1,1,1,4,30.0,53.0,
110,134,1,1,1,5,70.0,27.0,
111,2,1,1,1,7,100.0,41.0,
112,139,1,1,1,5,60.0,33.0,
113,123,1,1,1,5,50.0,18.0,
114,36,1,1,1,4,90.0,56.0,
115,118,1,1,1,3,90.0,64.0,
116,70,1,1,1,1,100.0,85.0,
117,144,1,1,1,4,50.0,58.0,
118,104,1,1,1,2,100.0,72.0,
119,159,1,1,1,5,,5.0,
120,10,1,1,1,5,30.0,32.0,
121,50,1,1,1,3,50.0,60.0,
122,101,1,1,1,5,65.0,38.0,
123,84,1,1,1,4,100.0,52.0,
124,9,1,1,1,2,90.0,75.0,
125,22,1,1,1,1,100.0,83.0,
126,109,1,1,1,3,50.0,66.0,
127,141,1,1,1,22,60.0,48.0,
128,88,1,1,1,3,100.0,62.0,
129,116,1,1,1,5,,23.0,
130,150,1,1,1,3,90.0,69.0,
131,32,1,1,1,2,,75.0,
132,161,1,1,1,5,40.0,3.0,
133,35,1,1,1,22,85.0,48.0,
134,94,1,1,1,4,80.0,51.0,
135,113,1,1,1,5,10.0,24.0,
136,96,1,1,1,5,85.0,25.0,
137,47,1,1,1,7,85.0,43.0,
138,44,1,1,1,3,90.0,60.0,
139,98,1,1,1,5,20.0,28.0,
140,21,1,1,1,4,100.0,50.0,
141,51,1,1,1,1,95.0,82.0,
142,86,1,1,1,5,40.0,30.0,
143,45,1,1,1,2,85.0,71.0,
144,158,1,1,1,5,0.0,3.0,
145,130,1,1,1,5,40.0,25.0,
146,157,1,1,1,5,80.0,5.0,
147,37,1,1,1,4,95.0,54.0,
148,69,1,1,1,4,80.0,58.0,
149,92,1,1,1,7,,40.0,
150,120,1,1,1,3,100.0,61.0,
151,165,1,1,1,5,70.0,3.0,
152,132,1,1,1,3,90.0,63.0,
153,12,1,1,1,2,100.0,75.0,
154,115,1,1,1,4,100.0,58.0,
155,79,1,1,1,3,100.0,63.0,
156,138,1,1,1,7,30.0,42.0,
157,46,1,1,1,22,80.0,46.0,
158,16,1,1,1,4,90.0,51.0,
159,64,1,1,1,5,60.0,23.0,
160,168,1,1,1,5,85.0,2.0,
161,4,1,1,1,22,90.0,49.0,
162,14,1,1,1,4,80.0,50.0,
163,31,1,1,1,2,100.0,72.0,
164,140,1,1,1,5,,0.0,
165,171,1,1,1,5,0.0,0.0,
166,59,1,1,1,5,,19.0,
167,61,1,1,1,1,100.0,83.0,
168,129,1,1,1,5,60.0,24.0,
169,74,1,1,1,4,85.0,54.0,
170,28,1,1,1,5,,2.0,
171,112,1,1,2,4,40.0,52.0,
172,135,1,1,2,5,100.0,38.0,
173,102,1,1,2,5,,2.0,
174,7,1,1,2,22,40.0,46.0,
175,111,1,1,2,22,100.0,45.0,
176,160,1,1,2,5,0.0,5.0,
177,62,1,1,2,22,70.0,48.0,
178,57,1,1,2,22,,47.0,
179,33,1,1,2,22,60.0,49.0,
180,154,1,1,2,5,,1.0,
181,148,1,1,2,5,100.0,24.0,
182,147,1,1,2,5,95.0,25.0,
183,41,1,1,2,5,60.0,15.0,
184,49,1,1,2,5,60.0,26.0,
185,110,1,1,2,5,50.0,22.0,
186,5,1,1,2,1,100.0,86.0,
187,106,1,1,2,5,90.0,33.0,
188,83,1,1,2,5,50.0,30.0,
189,15,1,1,2,4,80.0,59.0,
190,23,1,1,2,1,100.0,83.0,
191,87,1,1,2,7,0.0,41.0,
192,78,1,1,2,5,80.0,39.0,
193,77,1,1,2,4,80.0,50.0,
194,155,1,1,2,5,0.0,0.0,
195,17,1,1,2,5,50.0,5.0,
196,8,1,1,2,22,70.0,46.0,
197,152,1,1,2,5,,11.0,
198,38,1,1,2,22,60.0,45.0,
199,142,1,1,2,2,100.0,71.0,
200,121,1,1,2,5,80.0,25.0,
201,136,1,1,2,4,80.0,56.0,
202,151,1,1,2,5,,10.0,
203,100,1,1,2,5,50.0,10.0,
204,164,1,1,2,5,,0.0,
205,43,1,1,2,7,100.0,43.0,
206,137,1,1,2,5,70.0,37.0,
207,128,1,1,2,5,65.0,30.0,
208,40,1,1,2,5,50.0,34.0,
209,93,1,1,2,5,50.0,33.0,
210,25,1,1,2,7,75.0,40.0,
211,169,1,1,2,5,0.0,0.0,
212,52,1,1,2,3,80.0,62.0,
213,95,1,1,2,9,80.0,,
214,56,1,1,2,3,100.0,60.0,
215,89,1,1,2,5,,9.0,
216,91,1,1,2,2,50.0,72.0,
217,26,1,1,2,5,60.0,18.0,
218,75,1,1,2,4,60.0,55.0,
219,53,1,1,2,5,50.0,37.0,
220,156,1,1,2,7,100.0,42.0,
221,145,1,1,2,5,40.0,17.0,
222,153,1,1,2,5,65.0,26.0,
223,127,1,1,2,5,30.0,23.0,
224,55,1,1,2,5,40.0,22.0,
225,63,1,1,2,22,60.0,46.0,
226,80,1,1,2,3,90.0,67.0,
227,48,1,1,2,22,50.0,48.0,
228,166,1,1,2,5,,0.0,
229,103,1,1,2,2,100.0,74.0,
230,149,1,1,2,3,100.0,60.0,
231,146,1,1,2,5,70.0,22.0,
232,122,1,1,2,3,100.0,64.0,
233,90,1,1,2,2,90.0,73.0,
234,105,1,1,2,5,90.0,36.0,
235,11,1,1,2,5,100.0,33.0,
236,73,1,1,2,5,70.0,11.0,
237,34,1,1,2,7,100.0,44.0,
238,131,1,1,2,1,80.0,82.0,
239,18,1,1,2,5,0.0,0.0,
240,39,1,1,2,2,90.0,70.0,
241,27,1,1,2,5,60.0,24.0,
242,133,1,1,2,5,50.0,10.0,
243,67,1,1,2,2,100.0,70.0,
244,13,1,1,2,2,100.0,76.0,
245,114,1,1,2,3,70.0,68.0,
246,3,1,1,2,9,70.0,,
247,29,1,1,2,4,80.0,59.0,
248,97,1,1,2,7,85.0,44.0,
249,60,1,1,2,3,95.0,65.0,
250,82,1,1,2,2,100.0,73.0,
251,167,1,1,2,5,0.0,0.0,
252,68,1,1,2,7,30.0,44.0,
253,58,1,1,2,5,20.0,20.0,
254,126,1,1,2,4,85.0,53.0,
255,6,1,1,2,9,70.0,,
256,20,1,1,2,5,100.0,34.0,
257,85,1,1,2,5,30.0,21.0,
258,54,1,1,2,7,80.0,41.0,
259,108,1,1,2,4,75.0,57.0,
260,143,1,1,2,5,20.0,13.0,
261,30,1,1,2,5,70.0,17.0,
262,170,1,1,2,5,,0.0,
263,19,1,1,2,1,100.0,83.0,
264,71,1,1,2,5,0.0,30.0,
265,119,1,1,2,4,100.0,50.0,
266,42,1,1,2,3,100.0,62.0,
267,117,1,1,2,1,100.0,82.0,
268,76,1,1,2,4,90.0,53.0,
269,24,1,1,2,7,95.0,40.0,
270,72,1,1,2,3,70.0,66.0,
271,66,1,1,2,22,70.0,46.0,
272,124,1,1,2,2,80.0,72.0,
273,125,1,1,2,2,80.0,75.0,
274,81,1,1,2,5,20.0,25.0,
275,162,1,1,2,5,50.0,7.0,
276,99,1,1,2,3,100.0,60.0,
277,65,1,1,2,4,80.0,58.0,
278,163,1,1,2,5,70.0,11.0,
279,107,1,1,2,4,100.0,53.0,
280,134,1,1,2,5,,27.0,
281,2,1,1,2,7,100.0,41.0,
282,139,1,1,2,5,30.0,33.0,
283,123,1,1,2,5,25.0,18.0,
284,36,1,1,2,4,35.0,56.0,
285,118,1,1,2,3,95.0,64.0,
286,70,1,1,2,1,100.0,85.0,
287,144,1,1,2,4,70.0,58.0,
288,104,1,1,2,2,95.0,72.0,
289,159,1,1,2,5,60.0,5.0,
290,10,1,1,2,5,,32.0,
291,50,1,1,2,3,40.0,60.0,
292,101,1,1,2,5,70.0,38.0,
293,84,1,1,2,4,70.0,52.0,
294,9,1,1,2,2,95.0,75.0,
295,22,1,1,2,1,100.0,83.0,
296,109,1,1,2,3,60.0,66.0,
297,141,1,1,2,22,35.0,48.0,
298,88,1,1,2,3,100.0,62.0,
299,116,1,1,2,5,,23.0,
300,150,1,1,2,3,95.0,69.0,
301,32,1,1,2,2,70.0,75.0,
302,161,1,1,2,5,50.0,3.0,
303,35,1,1,2,22,100.0,48.0,
304,94,1,1,2,4,90.0,51.0,
305,113,1,1,2,5,10.0,24.0,
306,96,1,1,2,5,70.0,25.0,
307,47,1,1,2,7,60.0,43.0,
308,44,1,1,2,3,100.0,60.0,
309,98,1,1,2,5,,28.0,
310,21,1,1,2,4,,50.0,
311,51,1,1,2,1,100.0,82.0,
312,86,1,1,2,5,50.0,30.0,
313,45,1,1,2,2,100.0,71.0,
314,158,1,1,2,5,0.0,3.0,
315,130,1,1,2,5,,25.0,
316,157,1,1,2,5,65.0,5.0,
317,37,1,1,2,4,55.0,54.0,
318,69,1,1,2,4,80.0,58.0,
319,92,1,1,2,7,70.0,40.0,
320,120,1,1,2,3,100.0,61.0,
321,165,1,1,2,5,80.0,3.0,
322,132,1,1,2,3,60.0,63.0,
323,12,1,1,2,2,100.0,75.0,
324,115,1,1,2,4,90.0,58.0,
325,79,1,1,2,3,90.0,63.0,
326,138,1,1,2,7,70.0,42.0,
327,46,1,1,2,22,40.0,46.0,
328,16,1,1,2,4,95.0,51.0,
329,64,1,1,2,5,,23.0,
330,168,1,1,2,5,,2.0,
331,4,1,1,2,22,60.0,49.0,
332,14,1,1,2,4,100.0,50.0,
333,31,1,1,2,2,100.0,72.0,
334,140,1,1,2,5,20.0,0.0,
335,171,1,1,2,5,0.0,0.0,
336,59,1,1,2,5,75.0,19.0,
337,61,1,1,2,1,100.0,83.0,
338,129,1,1,2,5,20.0,24.0,
339,74,1,1,2,4,85.0,54.0,
340,28,1,1,2,5,,2.0,
341,112,1,1,3,4,30.0,52.0,
342,135,1,1,3,5,95.0,38.0,
343,102,1,1,3,5,25.0,2.0,
344,7,1,1,3,22,45.0,46.0,
345,111,1,1,3,22,100.0,45.0,
346,160,1,1,3,5,,5.0,
347,62,1,1,3,22,90.0,48.0,
348,57,1,1,3,22,,47.0,
349,33,1,1,3,22,60.0,49.0,
350,154,1,1,3,5,,1.0,
351,148,1,1,3,5,,24.0,
352,147,1,1,3,5,100.0,25.0,
353,41,1,1,3,5,50.0,15.0,
354,49,1,1,3,5,,26.0,
355,110,1,1,3,5,50.0,22.0,
356,5,1,1,3,1,10.0,86.0,
357,106,1,1,3,5,40.0,33.0,
358,83,1,1,3,5,60.0,30.0,
359,15,1,1,3,4,100.0,59.0,
360,23,1,1,3,1,100.0,83.0,
361,87,1,1,3,7,75.0,41.0,
362,78,1,1,3,5,,39.0,
363,77,1,1,3,4,100.0,50.0,
364,155,1,1,3,5,0.0,0.0,
365,17,1,1,3,5,100.0,5.0,
366,8,1,1,3,22,0.0,46.0,
367,152,1,1,3,5,,11.0,
368,38,1,1,3,22,60.0,45.0,
369,142,1,1,3,2,,71.0,
370,121,1,1,3,5,,25.0,
371,136,1,1,3,4,,56.0,
372,151,1,1,3,5,10.0,10.0,
373,100,1,1,3,5,75.0,10.0,
374,164,1,1,3,5,,0.0,
375,43,1,1,3,7,,43.0,
376,137,1,1,3,5,90.0,37.0,
377,128,1,1,3,5,55.0,30.0,
378,40,1,1,3,5,75.0,34.0,
379,93,1,1,3,5,50.0,33.0,
380,25,1,1,3,7,50.0,40.0,
381,169,1,1,3,5,,0.0,
382,52,1,1,3,3,100.0,62.0,
383,95,1,1,3,9,75.0,,
384,56,1,1,3,3,100.0,60.0,
385,89,1,1,3,5,0.0,9.0,
386,91,1,1,3,2,75.0,72.0,
387,26,1,1,3,5,,18.0,
388,75,1,1,3,4,100.0,55.0,
389,53,1,1,3,5,90.0,37.0,
390,156,1,1,3,7,70.0,42.0,
391,145,1,1,3,5,90.0,17.0,
392,153,1,1,3,5,50.0,26.0,
393,127,1,1,3,5,50.0,23.0,
394,55,1,1,3,5,30.0,22.0,
395,63,1,1,3,22,90.0,46.0,
396,80,1,1,3,3,90.0,67.0,
397,48,1,1,3,22,100.0,48.0,
398,166,1,1,3,5,,0.0,
399,103,1,1,3,2,90.0,74.0,
400,149,1,1,3,3,100.0,60.0,
401,146,1,1,3,5,,22.0,
402,122,1,1,3,3,100.0,64.0,
403,90,1,1,3,2,80.0,73.0,
404,105,1,1,3,5,85.0,36.0,
405,11,1,1,3,5,90.0,33.0,
406,73,1,1,3,5,,11.0,
407,34,1,1,3,7,95.0,44.0,
408,131,1,1,3,1,100.0,82.0,
409,18,1,1,3,5,,0.0,
410,39,1,1,3,2,100.0,70.0,
411,27,1,1,3,5,70.0,24.0,
412,133,1,1,3,5,,10.0,
413,67,1,1,3,2,100.0,70.0,
414,13,1,1,3,2,100.0,76.0,
415,114,1,1,3,3,90.0,68.0,
416,3,1,1,3,9,50.0,,
417,29,1,1,3,4,70.0,59.0,
418,97,1,1,3,7,100.0,44.0,
419,60,1,1,3,3,95.0,65.0,
420,82,1,1,3,2,95.0,73.0,
421,167,1,1,3,5,,0.0,
422,68,1,1,3,7,80.0,44.0,
423,58,1,1,3,5,20.0,20.0,
424,126,1,1,3,4,100.0,53.0,
425,6,1,1,3,9,100.0,,
426,20,1,1,3,5,,34.0,
427,85,1,1,3,5,100.0,21.0,
428,54,1,1,3,7,,41.0,
429,108,1,1,3,4,85.0,57.0,
430,143,1,1,3,5,,13.0,
431,30,1,1,3,5,20.0,17.0,
432,170,1,1,3,5,,0.0,
433,19,1,1,3,1,100.0,83.0,
434,71,1,1,3,5,75.0,30.0,
435,119,1,1,3,4,90.0,50.0,
436,42,1,1,3,3,100.0,62.0,
437,117,1,1,3,1,100.0,82.0,
438,76,1,1,3,4,80.0,53.0,
439,24,1,1,3,7,100.0,40.0,
440,72,1,1,3,3,70.0,66.0,
441,66,1,1,3,22,30.0,46.0,
442,124,1,1,3,2,80.0,72.0,
443,125,1,1,3,2,90.0,75.0,
444,81,1,1,3,5,10.0,25.0,
445,162,1,1,3,5,0.0,7.0,
446,99,1,1,3,3,80.0,60.0,
447,65,1,1,3,4,80.0,58.0,
448,163,1,1,3,5,100.0,11.0,
449,107,1,1,3,4,80.0,53.0,
450,134,1,1,3,5,20.0,27.0,
451,2,1,1,3,7,75.0,41.0,
452,139,1,1,3,5,10.0,33.0,
453,123,1,1,3,5,30.0,18.0,
454,36,1,1,3,4,40.0,56.0,
455,118,1,1,3,3,70.0,64.0,
456,70,1,1,3,1,100.0,85.0,
457,144,1,1,3,4,,58.0,
458,104,1,1,3,2,100.0,72.0,
459,159,1,1,3,5,90.0,5.0,
460,10,1,1,3,5,90.0,32.0,
461,50,1,1,3,3,40.0,60.0,
462,101,1,1,3,5,55.0,38.0,
463,84,1,1,3,4,75.0,52.0,
464,9,1,1,3,2,100.0,75.0,
465,22,1,1,3,1,100.0,83.0,
466,109,1,1,3,3,90.0,66.0,
467,141,1,1,3,22,60.0,48.0,
468,88,1,1,3,3,100.0,62.0,
469,116,1,1,3,5,,23.0,
470,150,1,1,3,3,100.0,69.0,
471,32,1,1,3,2,100.0,75.0,
472,161,1,1,3,5,20.0,3.0,
473,35,1,1,3,22,79.0,48.0,
474,94,1,1,3,4,90.0,51.0,
475,113,1,1,3,5,10.0,24.0,
476,96,1,1,3,5,90.0,25.0,
477,47,1,1,3,7,80.0,43.0,
478,44,1,1,3,3,90.0,60.0,
479,98,1,1,3,5,100.0,28.0,
480,21,1,1,3,4,,50.0,
481,51,1,1,3,1,100.0,82.0,
482,86,1,1,3,5,70.0,30.0,
483,45,1,1,3,2,90.0,71.0,
484,158,1,1,3,5,0.0,3.0,
485,130,1,1,3,5,,25.0,
486,157,1,1,3,5,0.0,5.0,
487,37,1,1,3,4,80.0,54.0,
488,69,1,1,3,4,90.0,58.0,
489,92,1,1,3,7,70.0,40.0,
490,120,1,1,3,3,100.0,61.0,
491,165,1,1,3,5,,3.0,
492,132,1,1,3,3,90.0,63.0,
493,12,1,1,3,2,90.0,75.0,
494,115,1,1,3,4,90.0,58.0,
495,79,1,1,3,3,80.0,63.0,
496,138,1,1,3,7,90.0,42.0,
497,46,1,1,3,22,60.0,46.0,
498,16,1,1,3,4,75.0,51.0,
499,64,1,1,3,5,10.0,23.0,
500,168,1,1,3,5,,2.0,
501,4,1,1,3,22,70.0,49.0,
502,14,1,1,3,4,90.0,50.0,
503,31,1,1,3,2,90.0,72.0,
504,140,1,1,3,5,,0.0,
505,171,1,1,3,5,,0.0,
506,59,1,1,3,5,85.0,19.0,
507,61,1,1,3,1,100.0,83.0,
508,129,1,1,3,5,50.0,24.0,
509,74,1,1,3,4,85.0,54.0,
510,28,1,1,3,5,,2.0,
511,112,1,1,4,4,95.0,52.0,
512,135,1,1,4,5,100.0,38.0,
513,102,1,1,4,5,25.0,2.0,
514,7,1,1,4,22,35.0,46.0,
515,111,1,1,4,22,95.0,45.0,
516,160,1,1,4,5,,5.0,
517,62,1,1,4,22,50.0,48.0,
518,57,1,1,4,22,,47.0,
519,33,1,1,4,22,100.0,49.0,
520,154,1,1,4,5,,1.0,
521,148,1,1,4,5,80.0,24.0,
522,147,1,1,4,5,,25.0,
523,41,1,1,4,5,,15.0,
524,49,1,1,4,5,,26.0,
525,110,1,1,4,5,,22.0,
526,5,1,1,4,1,75.0,86.0,
527,106,1,1,4,5,0.0,33.0,
528,83,1,1,4,5,85.0,30.0,
529,15,1,1,4,4,95.0,59.0,
530,23,1,1,4,1,100.0,83.0,
531,87,1,1,4,7,100.0,41.0,
532,78,1,1,4,5,65.0,39.0,
533,77,1,1,4,4,,50.0,
534,155,1,1,4,5,,0.0,
535,17,1,1,4,5,,5.0,
536,8,1,1,4,22,65.0,46.0,
537,152,1,1,4,5,10.0,11.0,
538,38,1,1,4,22,40.0,45.0,
539,142,1,1,4,2,80.0,71.0,
540,121,1,1,4,5,,25.0,
541,136,1,1,4,4,75.0,56.0,
542,151,1,1,4,5,,10.0,
543,100,1,1,4,5,70.0,10.0,
544,164,1,1,4,5,,0.0,
545,43,1,1,4,7,95.0,43.0,
546,137,1,1,4,5,95.0,37.0,
547,128,1,1,4,5,60.0,30.0,
548,40,1,1,4,5,90.0,34.0,
549,93,1,1,4,5,5.0,33.0,
550,25,1,1,4,7,90.0,40.0,
551,169,1,1,4,5,,0.0,
552,52,1,1,4,3,70.0,62.0,
553,95,1,1,4,9,,,
554,56,1,1,4,3,90.0,60.0,
555,89,1,1,4,5,0.0,9.0,
556,91,1,1,4,2,85.0,72.0,
557,26,1,1,4,5,,18.0,
558,75,1,1,4,4,90.0,55.0,
559,53,1,1,4,5,40.0,37.0,
560,156,1,1,4,7,100.0,42.0,
561,145,1,1,4,5,,17.0,
562,153,1,1,4,5,60.0,26.0,
563,127,1,1,4,5,70.0,23.0,
564,55,1,1,4,5,50.0,22.0,
565,63,1,1,4,22,100.0,46.0,
566,80,1,1,4,3,70.0,67.0,
567,48,1,1,4,22,100.0,48.0,
568,166,1,1,4,5,,0.0,
569,103,1,1,4,2,95.0,74.0,
570,149,1,1,4,3,95.0,60.0,
571,146,1,1,4,5,,22.0,
572,122,1,1,4,3,100.0,64.0,
573,90,1,1,4,2,90.0,73.0,
574,105,1,1,4,5,60.0,36.0,
575,11,1,1,4,5,80.0,33.0,
576,73,1,1,4,5,,11.0,
577,34,1,1,4,7,90.0,44.0,
578,131,1,1,4,1,90.0,82.0,
579,18,1,1,4,5,,0.0,
580,39,1,1,4,2,80.0,70.0,
581,27,1,1,4,5,30.0,24.0,
582,133,1,1,4,5,,10.0,
583,67,1,1,4,2,95.0,70.0,
584,13,1,1,4,2,100.0,76.0,
585,114,1,1,4,3,95.0,68.0,
586,3,1,1,4,9,100.0,,
587,29,1,1,4,4,95.0,59.0,
588,97,1,1,4,7,,44.0,
589,60,1,1,4,3,90.0,65.0,
590,82,1,1,4,2,80.0,73.0,
591,167,1,1,4,5,,0.0,
592,68,1,1,4,7,100.0,44.0,
593,58,1,1,4,5,,20.0,
594,126,1,1,4,4,90.0,53.0,
595,6,1,1,4,9,75.0,,
596,20,1,1,4,5,,34.0,
597,85,1,1,4,5,95.0,21.0,
598,54,1,1,4,7,80.0,41.0,
599,108,1,1,4,4,60.0,57.0,
600,143,1,1,4,5,,13.0,
601,30,1,1,4,5,25.0,17.0,
602,170,1,1,4,5,,0.0,
603,19,1,1,4,1,100.0,83.0,
604,71,1,1,4,5,70.0,30.0,
605,119,1,1,4,4,100.0,50.0,
606,42,1,1,4,3,95.0,62.0,
607,117,1,1,4,1,100.0,82.0,
608,76,1,1,4,4,90.0,53.0,
609,24,1,1,4,7,90.0,40.0,
610,72,1,1,4,3,80.0,66.0,
611,66,1,1,4,22,75.0,46.0,
612,124,1,1,4,2,90.0,72.0,
613,125,1,1,4,2,100.0,75.0,
614,81,1,1,4,5,25.0,25.0,
615,162,1,1,4,5,50.0,7.0,
616,99,1,1,4,3,90.0,60.0,
617,65,1,1,4,4,79.0,58.0,
618,163,1,1,4,5,95.0,11.0,
619,107,1,1,4,4,50.0,53.0,
620,134,1,1,4,5,20.0,27.0,
621,2,1,1,4,7,100.0,41.0,
622,139,1,1,4,5,50.0,33.0,
623,123,1,1,4,5,,18.0,
624,36,1,1,4,4,85.0,56.0,
625,118,1,1,4,3,75.0,64.0,
626,70,1,1,4,1,90.0,85.0,
627,144,1,1,4,4,,58.0,
628,104,1,1,4,2,100.0,72.0,
629,159,1,1,4,5,,5.0,
630,10,1,1,4,5,10.0,32.0,
631,50,1,1,4,3,30.0,60.0,
632,101,1,1,4,5,90.0,38.0,
633,84,1,1,4,4,85.0,52.0,
634,9,1,1,4,2,100.0,75.0,
635,22,1,1,4,1,100.0,83.0,
636,109,1,1,4,3,70.0,66.0,
637,141,1,1,4,22,100.0,48.0,
638,88,1,1,4,3,0.0,62.0,
639,116,1,1,4,5,,23.0,
640,150,1,1,4,3,100.0,69.0,
641,32,1,1,4,2,95.0,75.0,
642,161,1,1,4,5,,3.0,
643,35,1,1,4,22,80.0,48.0,
644,94,1,1,4,4,80.0,51.0,
645,113,1,1,4,5,10.0,24.0,
646,96,1,1,4,5,65.0,25.0,
647,47,1,1,4,7,90.0,43.0,
648,44,1,1,4,3,90.0,60.0,
649,98,1,1,4,5,,28.0,
650,21,1,1,4,4,95.0,50.0,
651,51,1,1,4,1,80.0,82.0,
652,86,1,1,4,5,100.0,30.0,
653,45,1,1,4,2,65.0,71.0,
654,158,1,1,4,5,0.0,3.0,
655,130,1,1,4,5,90.0,25.0,
656,157,1,1,4,5,0.0,5.0,
657,37,1,1,4,4,90.0,54.0,
658,69,1,1,4,4,70.0,58.0,
659,92,1,1,4,7,95.0,40.0,
660,120,1,1,4,3,,61.0,
661,165,1,1,4,5,,3.0,
662,132,1,1,4,3,80.0,63.0,
663,12,1,1,4,2,40.0,75.0,
664,115,1,1,4,4,50.0,58.0,
665,79,1,1,4,3,100.0,63.0,
666,138,1,1,4,7,95.0,42.0,
667,46,1,1,4,22,85.0,46.0,
668,16,1,1,4,4,70.0,51.0,
669,64,1,1,4,5,50.0,23.0,
670,168,1,1,4,5,,2.0,
671,4,1,1,4,22,100.0,49.0,
672,14,1,1,4,4,90.0,50.0,
673,31,1,1,4,2,98.0,72.0,
674,140,1,1,4,5,,0.0,
675,171,1,1,4,5,,0.0,
676,59,1,1,4,5,,19.0,
677,61,1,1,4,1,100.0,83.0,
678,129,1,1,4,5,60.0,24.0,
679,74,1,1,4,4,95.0,54.0,
680,28,1,1,4,5,,2.0,
681,112,1,1,5,4,50.0,52.0,
682,135,1,1,5,5,100.0,38.0,
683,102,1,1,5,5,0.0,2.0,
684,7,1,1,5,22,75.0,46.0,
685,111,1,1,5,22,100.0,45.0,
686,160,1,1,5,5,,5.0,
687,62,1,1,5,22,95.0,48.0,
688,57,1,1,5,22,,47.0,
689,33,1,1,5,22,90.0,49.0,
690,154,1,1,5,5,,1.0,
691,148,1,1,5,5,,24.0,
692,147,1,1,5,5,75.0,25.0,
693,41,1,1,5,5,50.0,15.0,
694,49,1,1,5,5,,26.0,
695,110,1,1,5,5,70.0,22.0,
696,5,1,1,5,1,100.0,86.0,
697,106,1,1,5,5,0.0,33.0,
698,83,1,1,5,5,100.0,30.0,
699,15,1,1,5,4,100.0,59.0,
700,23,1,1,5,1,80.0,83.0,
701,87,1,1,5,7,0.0,41.0,
702,78,1,1,5,5,50.0,39.0,
703,77,1,1,5,4,50.0,50.0,
704,155,1,1,5,5,,0.0,
705,17,1,1,5,5,,5.0,
706,8,1,1,5,22,70.0,46.0,
707,152,1,1,5,5,0.0,11.0,
708,38,1,1,5,22,90.0,45.0,
709,142,1,1,5,2,90.0,71.0,
710,121,1,1,5,5,50.0,25.0,
711,136,1,1,5,4,70.0,56.0,
712,151,1,1,5,5,,10.0,
713,100,1,1,5,5,50.0,10.0,
714,164,1,1,5,5,,0.0,
715,43,1,1,5,7,100.0,43.0,
716,137,1,1,5,5,100.0,37.0,
717,128,1,1,5,5,,30.0,
718,40,1,1,5,5,60.0,34.0,
719,93,1,1,5,5,40.0,33.0,
720,25,1,1,5,7,90.0,40.0,
721,169,1,1,5,5,,0.0,
722,52,1,1,5,3,80.0,62.0,
723,95,1,1,5,9,35.0,,
724,56,1,1,5,3,90.0,60.0,
725,89,1,1,5,5,0.0,9.0,
726,91,1,1,5,2,80.0,72.0,
727,26,1,1,5,5,50.0,18.0,
728,75,1,1,5,4,60.0,55.0,
729,53,1,1,5,5,80.0,37.0,
730,156,1,1,5,7,50.0,42.0,
731,145,1,1,5,5,80.0,17.0,
732,153,1,1,5,5,50.0,26.0,
733,127,1,1,5,5,10.0,23.0,
734,55,1,1,5,5,,22.0,
735,63,1,1,5,22,90.0,46.0,
736,80,1,1,5,3,80.0,67.0,
737,48,1,1,5,22,80.0,48.0,
738,166,1,1,5,5,,0.0,
739,103,1,1,5,2,100.0,74.0,
740,149,1,1,5,3,100.0,60.0,
741,146,1,1,5,5,,22.0,
742,122,1,1,5,3,100.0,64.0,
743,90,1,1,5,2,100.0,73.0,
744,105,1,1,5,5,65.0,36.0,
745,11,1,1,5,5,100.0,33.0,
746,73,1,1,5,5,,11.0,
747,34,1,1,5,7,20.0,44.0,
748,131,1,1,5,1,100.0,82.0,
749,18,1,1,5,5,,0.0,
750,39,1,1,5,2,100.0,70.0,
751,27,1,1,5,5,60.0,24.0,
752,133,1,1,5,5,,10.0,
753,67,1,1,5,2,100.0,70.0,
754,13,1,1,5,2,100.0,76.0,
755,114,1,1,5,3,60.0,68.0,
756,3,1,1,5,9,10.0,,
757,29,1,1,5,4,70.0,59.0,
758,97,1,1,5,7,,44.0,
759,60,1,1,5,3,99.0,65.0,
760,82,1,1,5,2,80.0,73.0,
761,167,1,1,5,5,,0.0,
762,68,1,1,5,7,70.0,44.0,
763,58,1,1,5,5,0.0,20.0,
764,126,1,1,5,4,40.0,53.0,
765,6,1,1,5,9,100.0,,
766,20,1,1,5,5,,34.0,
767,85,1,1,5,5,100.0,21.0,
768,54,1,1,5,7,80.0,41.0,
769,108,1,1,5,4,80.0,57.0,
770,143,1,1,5,5,,13.0,
771,30,1,1,5,5,,17.0,
772,170,1,1,5,5,,0.0,
773,19,1,1,5,1,70.0,83.0,
774,71,1,1,5,5,,30.0,
775,119,1,1,5,4,10.0,50.0,
776,42,1,1,5,3,100.0,62.0,
777,117,1,1,5,1,100.0,82.0,
778,76,1,1,5,4,20.0,53.0,
779,24,1,1,5,7,,40.0,
780,72,1,1,5,3,80.0,66.0,
781,66,1,1,5,22,75.0,46.0,
782,124,1,1,5,2,75.0,72.0,
783,125,1,1,5,2,70.0,75.0,
784,81,1,1,5,5,10.0,25.0,
785,162,1,1,5,5,70.0,7.0,
786,99,1,1,5,3,95.0,60.0,
787,65,1,1,5,4,90.0,58.0,
788,163,1,1,5,5,100.0,11.0,
789,107,1,1,5,4,90.0,53.0,
790,134,1,1,5,5,,27.0,
791,2,1,1,5,7,100.0,41.0,
792,139,1,1,5,5,80.0,33.0,
793,123,1,1,5,5,40.0,18.0,
794,36,1,1,5,4,85.0,56.0,
795,118,1,1,5,3,30.0,64.0,
796,70,1,1,5,1,100.0,85.0,
797,144,1,1,5,4,,58.0,
798,104,1,1,5,2,85.0,72.0,
799,159,1,1,5,5,,5.0,
800,10,1,1,5,5,95.0,32.0,
801,50,1,1,5,3,40.0,60.0,
802,101,1,1,5,5,90.0,38.0,
803,84,1,1,5,4,90.0,52.0,
804,9,1,1,5,2,85.0,75.0,
805,22,1,1,5,1,90.0,83.0,
806,109,1,1,5,3,,66.0,
807,141,1,1,5,22,50.0,48.0,
808,88,1,1,5,3,,62.0,
809,116,1,1,5,5,,23.0,
810,150,1,1,5,3,100.0,69.0,
811,32,1,1,5,2,100.0,75.0,
812,161,1,1,5,5,,3.0,
813,35,1,1,5,22,95.0,48.0,
814,94,1,1,5,4,35.0,51.0,
815,113,1,1,5,5,45.0,24.0,
816,96,1,1,5,5,100.0,25.0,
817,47,1,1,5,7,90.0,43.0,
818,44,1,1,5,3,95.0,60.0,
819,98,1,1,5,5,0.0,28.0,
820,21,1,1,5,4,,50.0,
821,51,1,1,5,1,70.0,82.0,
822,86,1,1,5,5,,30.0,
823,45,1,1,5,2,100.0,71.0,
824,158,1,1,5,5,,3.0,
825,130,1,1,5,5,100.0,25.0,
826,157,1,1,5,5,0.0,5.0,
827,37,1,1,5,4,75.0,54.0,
828,69,1,1,5,4,50.0,58.0,
829,92,1,1,5,7,,40.0,
830,120,1,1,5,3,100.0,61.0,
831,165,1,1,5,5,,3.0,
832,132,1,1,5,3,70.0,63.0,
833,12,1,1,5,2,100.0,75.0,
834,115,1,1,5,4,90.0,58.0,
835,79,1,1,5,3,60.0,63.0,
836,138,1,1,5,7,,42.0,
837,46,1,1,5,22,80.0,46.0,
838,16,1,1,5,4,100.0,51.0,
839,64,1,1,5,5,,23.0,
840,168,1,1,5,5,,2.0,
841,4,1,1,5,22,75.0,49.0,
842,14,1,1,5,4,90.0,50.0,
843,31,1,1,5,2,99.0,72.0,
844,140,1,1,5,5,,0.0,
845,171,1,1,5,5,,0.0,
846,59,1,1,5,5,75.0,19.0,
847,61,1,1,5,1,90.0,83.0,
848,129,1,1,5,5,100.0,24.0,
849,74,1,1,5,4,30.0,54.0,
850,28,1,1,5,5,,2.0,
851,112,1,1,6,4,100.0,52.0,
852,135,1,1,6,5,100.0,38.0,
853,102,1,1,6,5,20.0,2.0,
854,7,1,1,6,22,55.0,46.0,
855,111,1,1,6,22,,45.0,
856,160,1,1,6,5,,5.0,
857,62,1,1,6,22,80.0,48.0,
858,57,1,1,6,22,,47.0,
859,33,1,1,6,22,100.0,49.0,
860,154,1,1,6,5,,1.0,
861,148,1,1,6,5,30.0,24.0,
862,147,1,1,6,5,,25.0,
863,41,1,1,6,5,,15.0,
864,49,1,1,6,5,,26.0,
865,110,1,1,6,5,,22.0,
866,5,1,1,6,1,95.0,86.0,
867,106,1,1,6,5,,33.0,
868,83,1,1,6,5,100.0,30.0,
869,15,1,1,6,4,100.0,59.0,
870,23,1,1,6,1,90.0,83.0,
871,87,1,1,6,7,,41.0,
872,78,1,1,6,5,70.0,39.0,
873,77,1,1,6,4,,50.0,
874,155,1,1,6,5,,0.0,
875,17,1,1,6,5,,5.0,
876,8,1,1,6,22,60.0,46.0,
877,152,1,1,6,5,10.0,11.0,
878,38,1,1,6,22,35.0,45.0,
879,142,1,1,6,2,100.0,71.0,
880,121,1,1,6,5,,25.0,
881,136,1,1,6,4,65.0,56.0,
882,151,1,1,6,5,60.0,10.0,
883,100,1,1,6,5,50.0,10.0,
884,164,1,1,6,5,,0.0,
885,43,1,1,6,7,100.0,43.0,
886,137,1,1,6,5,100.0,37.0,
887,128,1,1,6,5,85.0,30.0,
888,40,1,1,6,5,50.0,34.0,
889,93,1,1,6,5,40.0,33.0,
890,25,1,1,6,7,90.0,40.0,
891,169,1,1,6,5,,0.0,
892,52,1,1,6,3,70.0,62.0,
893,95,1,1,6,9,45.0,,
894,56,1,1,6,3,80.0,60.0,
895,89,1,1,6,5,,9.0,
896,91,1,1,6,2,100.0,72.0,
897,26,1,1,6,5,30.0,18.0,
898,75,1,1,6,4,85.0,55.0,
899,53,1,1,6,5,40.0,37.0,
900,156,1,1,6,7,90.0,42.0,
901,145,1,1,6,5,,17.0,
902,153,1,1,6,5,65.0,26.0,
903,127,1,1,6,5,85.0,23.0,
904,55,1,1,6,5,40.0,22.0,
905,63,1,1,6,22,100.0,46.0,
906,80,1,1,6,3,90.0,67.0,
907,48,1,1,6,22,90.0,48.0,
908,166,1,1,6,5,,0.0,
909,103,1,1,6,2,100.0,74.0,
910,149,1,1,6,3,90.0,60.0,
911,146,1,1,6,5,,22.0,
912,122,1,1,6,3,100.0,64.0,
913,90,1,1,6,2,90.0,73.0,
914,105,1,1,6,5,90.0,36.0,
915,11,1,1,6,5,100.0,33.0,
916,73,1,1,6,5,100.0,11.0,
917,34,1,1,6,7,90.0,44.0,
918,131,1,1,6,1,90.0,82.0,
919,18,1,1,6,5,,0.0,
920,39,1,1,6,2,100.0,70.0,
921,27,1,1,6,5,60.0,24.0,
922,133,1,1,6,5,0.0,10.0,
923,67,1,1,6,2,100.0,70.0,
924,13,1,1,6,2,100.0,76.0,
925,114,1,1,6,3,65.0,68.0,
926,3,1,1,6,9,85.0,,
927,29,1,1,6,4,100.0,59.0,
928,97,1,1,6,7,75.0,44.0,
929,60,1,1,6,3,100.0,65.0,
930,82,1,1,6,2,100.0,73.0,
931,167,1,1,6,5,,0.0,
932,68,1,1,6,7,100.0,44.0,
933,58,1,1,6,5,,20.0,
934,126,1,1,6,4,65.0,53.0,
935,6,1,1,6,9,100.0,,
936,20,1,1,6,5,20.0,34.0,
937,85,1,1,6,5,100.0,21.0,
938,54,1,1,6,7,90.0,41.0,
939,108,1,1,6,4,65.0,57.0,
940,143,1,1,6,5,30.0,13.0,
941,30,1,1,6,5,,17.0,
942,170,1,1,6,5,,0.0,
943,19,1,1,6,1,90.0,83.0,
944,71,1,1,6,5,75.0,30.0,
945,119,1,1,6,4,95.0,50.0,
946,42,1,1,6,3,,62.0,
947,117,1,1,6,1,100.0,82.0,
948,76,1,1,6,4,70.0,53.0,
949,24,1,1,6,7,,40.0,
950,72,1,1,6,3,50.0,66.0,
951,66,1,1,6,22,100.0,46.0,
952,124,1,1,6,2,80.0,72.0,
953,125,1,1,6,2,90.0,75.0,
954,81,1,1,6,5,50.0,25.0,
955,162,1,1,6,5,,7.0,
956,99,1,1,6,3,0.0,60.0,
957,65,1,1,6,4,85.0,58.0,
958,163,1,1,6,5,100.0,11.0,
959,107,1,1,6,4,60.0,53.0,
960,134,1,1,6,5,95.0,27.0,
961,2,1,1,6,7,90.0,41.0,
962,139,1,1,6,5,,33.0,
963,123,1,1,6,5,,18.0,
964,36,1,1,6,4,90.0,56.0,
965,118,1,1,6,3,90.0,64.0,
966,70,1,1,6,1,95.0,85.0,
967,144,1,1,6,4,90.0,58.0,
968,104,1,1,6,2,90.0,72.0,
969,159,1,1,6,5,,5.0,
970,10,1,1,6,5,,32.0,
971,50,1,1,6,3,50.0,60.0,
972,101,1,1,6,5,90.0,38.0,
973,84,1,1,6,4,100.0,52.0,
974,9,1,1,6,2,80.0,75.0,
975,22,1,1,6,1,100.0,83.0,
976,109,1,1,6,3,80.0,66.0,
977,141,1,1,6,22,30.0,48.0,
978,88,1,1,6,3,,62.0,
979,116,1,1,6,5,,23.0,
980,150,1,1,6,3,100.0,69.0,
981,32,1,1,6,2,100.0,75.0,
982,161,1,1,6,5,,3.0,
983,35,1,1,6,22,75.0,48.0,
984,94,1,1,6,4,60.0,51.0,
985,113,1,1,6,5,65.0,24.0,
986,96,1,1,6,5,100.0,25.0,
987,47,1,1,6,7,100.0,43.0,
988,44,1,1,6,3,95.0,60.0,
989,98,1,1,6,5,,28.0,
990,21,1,1,6,4,,50.0,
991,51,1,1,6,1,,82.0,
992,86,1,1,6,5,40.0,30.0,
993,45,1,1,6,2,100.0,71.0,
994,158,1,1,6,5,,3.0,
995,130,1,1,6,5,,25.0,
996,157,1,1,6,5,0.0,5.0,
997,37,1,1,6,4,75.0,54.0,
998,69,1,1,6,4,70.0,58.0,
999,92,1,1,6,7,100.0,40.0,
1000,120,1,1,6,3,90.0,61.0,
1001,165,1,1,6,5,,3.0,
1002,132,1,1,6,3,50.0,63.0,
1003,12,1,1,6,2,50.0,75.0,
1004,115,1,1,6,4,60.0,58.0,
1005,79,1,1,6,3,40.0,63.0,
1006,138,1,1,6,7,90.0,42.0,
1007,46,1,1,6,22,90.0,46.0,
1008,16,1,1,6,4,100.0,51.0,
1009,64,1,1,6,5,20.0,23.0,
1010,168,1,1,6,5,,2.0,
1011,4,1,1,6,22,90.0,49.0,
1012,14,1,1,6,4,100.0,50.0,
1013,31,1,1,6,2,90.0,72.0,
1014,140,1,1,6,5,,0.0,
1015,171,1,1,6,5,,0.0,
1016,59,1,1,6,5,55.0,19.0,
1017,61,1,1,6,1,90.0,83.0,
1018,129,1,1,6,5,50.0,24.0,
1019,74,1,1,6,4,85.0,54.0,
1020,28,1,1,6,5,,2.0,
1021,112,1,1,7,4,50.0,52.0,
1022,135,1,1,7,5,70.0,38.0,
1023,102,1,1,7,5,,2.0,
1024,7,1,1,7,22,80.0,46.0,
1025,111,1,1,7,22,70.0,45.0,
1026,160,1,1,7,5,,5.0,
1027,62,1,1,7,22,70.0,48.0,
1028,57,1,1,7,22,,47.0,
1029,33,1,1,7,22,100.0,49.0,
1030,154,1,1,7,5,50.0,1.0,
1031,148,1,1,7,5,,24.0,
1032,147,1,1,7,5,40.0,25.0,
1033,41,1,1,7,5,60.0,15.0,
1034,49,1,1,7,5,60.0,26.0,
1035,110,1,1,7,5,60.0,22.0,
1036,5,1,1,7,1,90.0,86.0,
1037,106,1,1,7,5,70.0,33.0,
1038,83,1,1,7,5,85.0,30.0,
1039,15,1,1,7,4,70.0,59.0,
1040,23,1,1,7,1,90.0,83.0,
1041,87,1,1,7,7,100.0,41.0,
1042,78,1,1,7,5,70.0,39.0,
1043,77,1,1,7,4,,50.0,
1044,155,1,1,7,5,,0.0,
1045,17,1,1,7,5,,5.0,
1046,8,1,1,7,22,65.0,46.0,
1047,152,1,1,7,5,,11.0,
1048,38,1,1,7,22,75.0,45.0,
1049,142,1,1,7,2,100.0,71.0,
1050,121,1,1,7,5,55.0,25.0,
1051,136,1,1,7,4,75.0,56.0,
1052,151,1,1,7,5,70.0,10.0,
1053,100,1,1,7,5,,10.0,
1054,164,1,1,7,5,,0.0,
1055,43,1,1,7,7,70.0,43.0,
1056,137,1,1,7,5,70.0,37.0,
1057,128,1,1,7,5,75.0,30.0,
1058,40,1,1,7,5,,34.0,
1059,93,1,1,7,5,,33.0,
1060,25,1,1,7,7,95.0,40.0,
1061,169,1,1,7,5,,0.0,
1062,52,1,1,7,3,65.0,62.0,
1063,95,1,1,7,9,,,
1064,56,1,1,7,3,70.0,60.0,
1065,89,1,1,7,5,,9.0,
1066,91,1,1,7,2,90.0,72.0,
1067,26,1,1,7,5,0.0,18.0,
1068,75,1,1,7,4,100.0,55.0,
1069,53,1,1,7,5,,37.0,
1070,156,1,1,7,7,70.0,42.0,
1071,145,1,1,7,5,,17.0,
1072,153,1,1,7,5,,26.0,
1073,127,1,1,7,5,,23.0,
1074,55,1,1,7,5,,22.0,
1075,63,1,1,7,22,80.0,46.0,
1076,80,1,1,7,3,65.0,67.0,
1077,48,1,1,7,22,95.0,48.0,
1078,166,1,1,7,5,,0.0,
1079,103,1,1,7,2,100.0,74.0,
1080,149,1,1,7,3,100.0,60.0,
1081,146,1,1,7,5,,22.0,
1082,122,1,1,7,3,85.0,64.0,
1083,90,1,1,7,2,100.0,73.0,
1084,105,1,1,7,5,25.0,36.0,
1085,11,1,1,7,5,70.0,33.0,
1086,73,1,1,7,5,40.0,11.0,
1087,34,1,1,7,7,100.0,44.0,
1088,131,1,1,7,1,85.0,82.0,
1089,18,1,1,7,5,,0.0,
1090,39,1,1,7,2,85.0,70.0,
1091,27,1,1,7,5,50.0,24.0,
1092,133,1,1,7,5,,10.0,
1093,67,1,1,7,2,70.0,70.0,
1094,13,1,1,7,2,100.0,76.0,
1095,114,1,1,7,3,80.0,68.0,
1096,3,1,1,7,9,,,
1097,29,1,1,7,4,70.0,59.0,
1098,97,1,1,7,7,75.0,44.0,
1099,60,1,1,7,3,100.0,65.0,
1100,82,1,1,7,2,100.0,73.0,
1101,167,1,1,7,5,,0.0,
1102,68,1,1,7,7,100.0,44.0,
1103,58,1,1,7,5,0.0,20.0,
1104,126,1,1,7,4,60.0,53.0,
1105,6,1,1,7,9,70.0,,
1106,20,1,1,7,5,,34.0,
1107,85,1,1,7,5,100.0,21.0,
1108,54,1,1,7,7,100.0,41.0,
1109,108,1,1,7,4,50.0,57.0,
1110,143,1,1,7,5,,13.0,
1111,30,1,1,7,5,,17.0,
1112,170,1,1,7,5,,0.0,
1113,19,1,1,7,1,95.0,83.0,
1114,71,1,1,7,5,60.0,30.0,
1115,119,1,1,7,4,100.0,50.0,
1116,42,1,1,7,3,100.0,62.0,
1117,117,1,1,7,1,100.0,82.0,
1118,76,1,1,7,4,65.0,53.0,
1119,24,1,1,7,7,,40.0,
1120,72,1,1,7,3,40.0,66.0,
1121,66,1,1,7,22,80.0,46.0,
1122,124,1,1,7,2,95.0,72.0,
1123,125,1,1,7,2,100.0,75.0,
1124,81,1,1,7,5,60.0,25.0,
1125,162,1,1,7,5,80.0,7.0,
1126,99,1,1,7,3,75.0,60.0,
1127,65,1,1,7,4,90.0,58.0,
1128,163,1,1,7,5,,11.0,
1129,107,1,1,7,4,65.0,53.0,
1130,134,1,1,7,5,60.0,27.0,
1131,2,1,1,7,7,90.0,41.0,
1132,139,1,1,7,5,50.0,33.0,
1133,123,1,1,7,5,0.0,18.0,
1134,36,1,1,7,4,65.0,56.0,
1135,118,1,1,7,3,90.0,64.0,
1136,70,1,1,7,1,100.0,85.0,
1137,144,1,1,7,4,30.0,58.0,
1138,104,1,1,7,2,75.0,72.0,
1139,159,1,1,7,5,,5.0,
1140,10,1,1,7,5,,32.0,
1141,50,1,1,7,3,,60.0,
1142,101,1,1,7,5,80.0,38.0,
1143,84,1,1,7,4,90.0,52.0,
1144,9,1,1,7,2,80.0,75.0,
1145,22,1,1,7,1,100.0,83.0,
1146,109,1,1,7,3,,66.0,
1147,141,1,1,7,22,50.0,48.0,
1148,88,1,1,7,3,,62.0,
1149,116,1,1,7,5,,23.0,
1150,150,1,1,7,3,100.0,69.0,
1151,32,1,1,7,2,100.0,75.0,
1152,161,1,1,7,5,,3.0,
1153,35,1,1,7,22,100.0,48.0,
1154,94,1,1,7,4,70.0,51.0,
1155,113,1,1,7,5,10.0,24.0,
1156,96,1,1,7,5,70.0,25.0,
1157,47,1,1,7,7,80.0,43.0,
1158,44,1,1,7,3,,60.0,
1159,98,1,1,7,5,,28.0,
1160,21,1,1,7,4,70.0,50.0,
1161,51,1,1,7,1,50.0,82.0,
1162,86,1,1,7,5,70.0,30.0,
1163,45,1,1,7,2,100.0,71.0,
1164,158,1,1,7,5,,3.0,
1165,130,1,1,7,5,,25.0,
1166,157,1,1,7,5,,5.0,
1167,37,1,1,7,4,,54.0,
1168,69,1,1,7,4,100.0,58.0,
1169,92,1,1,7,7,,40.0,
1170,120,1,1,7,3,85.0,61.0,
1171,165,1,1,7,5,,3.0,
1172,132,1,1,7,3,80.0,63.0,
1173,12,1,1,7,2,100.0,75.0,
1174,115,1,1,7,4,70.0,58.0,
1175,79,1,1,7,3,70.0,63.0,
1176,138,1,1,7,7,100.0,42.0,
1177,46,1,1,7,22,70.0,46.0,
1178,16,1,1,7,4,100.0,51.0,
1179,64,1,1,7,5,,23.0,
1180,168,1,1,7,5,,2.0,
1181,4,1,1,7,22,100.0,49.0,
1182,14,1,1,7,4,95.0,50.0,
1183,31,1,1,7,2,95.0,72.0,
1184,140,1,1,7,5,,0.0,
1185,171,1,1,7,5,,0.0,
1186,59,1,1,7,5,,19.0,
1187,61,1,1,7,1,100.0,83.0,
1188,129,1,1,7,5,60.0,24.0,
1189,74,1,1,7,4,85.0,54.0,
1190,28,1,1,7,5,95.0,2.0,
1191,112,1,1,8,4,70.0,52.0,
1192,135,1,1,8,5,100.0,38.0,
1193,102,1,1,8,5,,2.0,
1194,7,1,1,8,22,50.0,46.0,
1195,111,1,1,8,22,70.0,45.0,
1196,160,1,1,8,5,,5.0,
1197,62,1,1,8,22,75.0,48.0,
1198,57,1,1,8,22,,47.0,
1199,33,1,1,8,22,100.0,49.0,
1200,154,1,1,8,5,,1.0,
1201,148,1,1,8,5,,24.0,
1202,147,1,1,8,5,,25.0,
1203,41,1,1,8,5,,15.0,
1204,49,1,1,8,5,100.0,26.0,
1205,110,1,1,8,5,,22.0,
1206,5,1,1,8,1,100.0,86.0,
1207,106,1,1,8,5,50.0,33.0,
1208,83,1,1,8,5,40.0,30.0,
1209,15,1,1,8,4,100.0,59.0,
1210,23,1,1,8,1,90.0,83.0,
1211,87,1,1,8,7,100.0,41.0,
1212,78,1,1,8,5,70.0,39.0,
1213,77,1,1,8,4,100.0,50.0,
1214,155,1,1,8,5,0.0,0.0,
1215,17,1,1,8,5,,5.0,
1216,8,1,1,8,22,65.0,46.0,
1217,152,1,1,8,5,,11.0,
1218,38,1,1,8,22,70.0,45.0,
1219,142,1,1,8,2,85.0,71.0,
1220,121,1,1,8,5,,25.0,
1221,136,1,1,8,4,70.0,56.0,
1222,151,1,1,8,5,70.0,10.0,
1223,100,1,1,8,5,,10.0,
1224,164,1,1,8,5,,0.0,
1225,43,1,1,8,7,70.0,43.0,
1226,137,1,1,8,5,70.0,37.0,
1227,128,1,1,8,5,,30.0,
1228,40,1,1,8,5,80.0,34.0,
1229,93,1,1,8,5,40.0,33.0,
1230,25,1,1,8,7,70.0,40.0,
1231,169,1,1,8,5,,0.0,
1232,52,1,1,8,3,60.0,62.0,
1233,95,1,1,8,9,,,
1234,56,1,1,8,3,75.0,60.0,
1235,89,1,1,8,5,,9.0,
1236,91,1,1,8,2,85.0,72.0,
1237,26,1,1,8,5,40.0,18.0,
1238,75,1,1,8,4,100.0,55.0,
1239,53,1,1,8,5,60.0,37.0,
1240,156,1,1,8,7,90.0,42.0,
1241,145,1,1,8,5,,17.0,
1242,153,1,1,8,5,10.0,26.0,
1243,127,1,1,8,5,,23.0,
1244,55,1,1,8,5,,22.0,
1245,63,1,1,8,22,40.0,46.0,
1246,80,1,1,8,3,70.0,67.0,
1247,48,1,1,8,22,30.0,48.0,
1248,166,1,1,8,5,,0.0,
1249,103,1,1,8,2,100.0,74.0,
1250,149,1,1,8,3,100.0,60.0,
1251,146,1,1,8,5,,22.0,
1252,122,1,1,8,3,100.0,64.0,
1253,90,1,1,8,2,95.0,73.0,
1254,105,1,1,8,5,,36.0,
1255,11,1,1,8,5,100.0,33.0,
1256,73,1,1,8,5,70.0,11.0,
1257,34,1,1,8,7,,44.0,
1258,131,1,1,8,1,80.0,82.0,
1259,18,1,1,8,5,,0.0,
1260,39,1,1,8,2,80.0,70.0,
1261,27,1,1,8,5,40.0,24.0,
1262,133,1,1,8,5,,10.0,
1263,67,1,1,8,2,70.0,70.0,
1264,13,1,1,8,2,100.0,76.0,
1265,114,1,1,8,3,80.0,68.0,
1266,3,1,1,8,9,70.0,,
1267,29,1,1,8,4,70.0,59.0,
1268,97,1,1,8,7,70.0,44.0,
1269,60,1,1,8,3,80.0,65.0,
1270,82,1,1,8,2,95.0,73.0,
1271,167,1,1,8,5,,0.0,
1272,68,1,1,8,7,100.0,44.0,
1273,58,1,1,8,5,10.0,20.0,
1274,126,1,1,8,4,70.0,53.0,
1275,6,1,1,8,9,100.0,,
1276,20,1,1,8,5,,34.0,
1277,85,1,1,8,5,100.0,21.0,
1278,54,1,1,8,7,100.0,41.0,
1279,108,1,1,8,4,40.0,57.0,
1280,143,1,1,8,5,,13.0,
1281,30,1,1,8,5,,17.0,
1282,170,1,1,8,5,,0.0,
1283,19,1,1,8,1,100.0,83.0,
1284,71,1,1,8,5,70.0,30.0,
1285,119,1,1,8,4,40.0,50.0,
1286,42,1,1,8,3,80.0,62.0,
1287,117,1,1,8,1,100.0,82.0,
1288,76,1,1,8,4,60.0,53.0,
1289,24,1,1,8,7,,40.0,
1290,72,1,1,8,3,60.0,66.0,
1291,66,1,1,8,22,60.0,46.0,
1292,124,1,1,8,2,70.0,72.0,
1293,125,1,1,8,2,90.0,75.0,
1294,81,1,1,8,5,40.0,25.0,
1295,162,1,1,8,5,,7.0,
1296,99,1,1,8,3,,60.0,
1297,65,1,1,8,4,90.0,58.0,
1298,163,1,1,8,5,,11.0,
1299,107,1,1,8,4,80.0,53.0,
1300,134,1,1,8,5,70.0,27.0,
1301,2,1,1,8,7,80.0,41.0,
1302,139,1,1,8,5,30.0,33.0,
1303,123,1,1,8,5,,18.0,
1304,36,1,1,8,4,60.0,56.0,
1305,118,1,1,8,3,70.0,64.0,
1306,70,1,1,8,1,95.0,85.0,
1307,144,1,1,8,4,95.0,58.0,
1308,104,1,1,8,2,90.0,72.0,
1309,159,1,1,8,5,,5.0,
1310,10,1,1,8,5,60.0,32.0,
1311,50,1,1,8,3,,60.0,
1312,101,1,1,8,5,90.0,38.0,
1313,84,1,1,8,4,80.0,52.0,
1314,9,1,1,8,2,0.0,75.0,
1315,22,1,1,8,1,100.0,83.0,
1316,109,1,1,8,3,,66.0,
1317,141,1,1,8,22,50.0,48.0,
1318,88,1,1,8,3,,62.0,
1319,116,1,1,8,5,,23.0,
1320,150,1,1,8,3,100.0,69.0,
1321,32,1,1,8,2,100.0,75.0,
1322,161,1,1,8,5,,3.0,
1323,35,1,1,8,22,90.0,48.0,
1324,94,1,1,8,4,55.0,51.0,
1325,113,1,1,8,5,10.0,24.0,
1326,96,1,1,8,5,70.0,25.0,
1327,47,1,1,8,7,70.0,43.0,
1328,44,1,1,8,3,80.0,60.0,
1329,98,1,1,8,5,,28.0,
1330,21,1,1,8,4,,50.0,
1331,51,1,1,8,1,100.0,82.0,
1332,86,1,1,8,5,20.0,30.0,
1333,45,1,1,8,2,70.0,71.0,
1334,158,1,1,8,5,,3.0,
1335,130,1,1,8,5,,25.0,
1336,157,1,1,8,5,,5.0,
1337,37,1,1,8,4,65.0,54.0,
1338,69,1,1,8,4,60.0,58.0,
1339,92,1,1,8,7,,40.0,
1340,120,1,1,8,3,100.0,61.0,
1341,165,1,1,8,5,,3.0,
1342,132,1,1,8,3,100.0,63.0,
1343,12,1,1,8,2,80.0,75.0,
1344,115,1,1,8,4,100.0,58.0,
1345,79,1,1,8,3,100.0,63.0,
1346,138,1,1,8,7,,42.0,
1347,46,1,1,8,22,80.0,46.0,
1348,16,1,1,8,4,80.0,51.0,
1349,64,1,1,8,5,80.0,23.0,
1350,168,1,1,8,5,,2.0,
1351,4,1,1,8,22,100.0,49.0,
1352,14,1,1,8,4,80.0,50.0,
1353,31,1,1,8,2,95.0,72.0,
1354,140,1,1,8,5,,0.0,
1355,171,1,1,8,5,,0.0,
1356,59,1,1,8,5,,19.0,
1357,61,1,1,8,1,60.0,83.0,
1358,129,1,1,8,5,,24.0,
1359,74,1,1,8,4,70.0,54.0,
1360,28,1,1,8,5,,2.0,
1361,112,1,1,9,4,100.0,52.0,
1362,135,1,1,9,5,,38.0,
1363,102,1,1,9,5,,2.0,
1364,7,1,1,9,22,45.0,46.0,
1365,111,1,1,9,22,,45.0,
1366,160,1,1,9,5,,5.0,
1367,62,1,1,9,22,60.0,48.0,
1368,57,1,1,9,22,,47.0,
1369,33,1,1,9,22,100.0,49.0,
1370,154,1,1,9,5,,1.0,
1371,148,1,1,9,5,,24.0,
1372,147,1,1,9,5,,25.0,
1373,41,1,1,9,5,50.0,15.0,
1374,49,1,1,9,5,,26.0,
1375,110,1,1,9,5,40.0,22.0,
1376,5,1,1,9,1,100.0,86.0,
1377,106,1,1,9,5,60.0,33.0,
1378,83,1,1,9,5,75.0,30.0,
1379,15,1,1,9,4,100.0,59.0,
1380,23,1,1,9,1,95.0,83.0,
1381,87,1,1,9,7,100.0,41.0,
1382,78,1,1,9,5,100.0,39.0,
1383,77,1,1,9,4,,50.0,
1384,155,1,1,9,5,,0.0,
1385,17,1,1,9,5,,5.0,
1386,8,1,1,9,22,70.0,46.0,
1387,152,1,1,9,5,,11.0,
1388,38,1,1,9,22,70.0,45.0,
1389,142,1,1,9,2,75.0,71.0,
1390,121,1,1,9,5,,25.0,
1391,136,1,1,9,4,65.0,56.0,
1392,151,1,1,9,5,100.0,10.0,
1393,100,1,1,9,5,,10.0,
1394,164,1,1,9,5,,0.0,
1395,43,1,1,9,7,100.0,43.0,
1396,137,1,1,9,5,100.0,37.0,
1397,128,1,1,9,5,85.0,30.0,
1398,40,1,1,9,5,100.0,34.0,
1399,93,1,1,9,5,0.0,33.0,
1400,25,1,1,9,7,100.0,40.0,
1401,169,1,1,9,5,,0.0,
1402,52,1,1,9,3,90.0,62.0,
1403,95,1,1,9,9,35.0,,
1404,56,1,1,9,3,70.0,60.0,
1405,89,1,1,9,5,,9.0,
1406,91,1,1,9,2,90.0,72.0,
1407,26,1,1,9,5,70.0,18.0,
1408,75,1,1,9,4,90.0,55.0,
1409,53,1,1,9,5,,37.0,
1410,156,1,1,9,7,85.0,42.0,
1411,145,1,1,9,5,,17.0,
1412,153,1,1,9,5,60.0,26.0,
1413,127,1,1,9,5,,23.0,
1414,55,1,1,9,5,,22.0,
1415,63,1,1,9,22,80.0,46.0,
1416,80,1,1,9,3,65.0,67.0,
1417,48,1,1,9,22,25.0,48.0,
1418,166,1,1,9,5,,0.0,
1419,103,1,1,9,2,100.0,74.0,
1420,149,1,1,9,3,100.0,60.0,
1421,146,1,1,9,5,,22.0,
1422,122,1,1,9,3,100.0,64.0,
1423,90,1,1,9,2,80.0,73.0,
1424,105,1,1,9,5,,36.0,
1425,11,1,1,9,5,20.0,33.0,
1426,73,1,1,9,5,,11.0,
1427,34,1,1,9,7,30.0,44.0,
1428,131,1,1,9,1,80.0,82.0,
1429,18,1,1,9,5,,0.0,
1430,39,1,1,9,2,65.0,70.0,
1431,27,1,1,9,5,,24.0,
1432,133,1,1,9,5,,10.0,
1433,67,1,1,9,2,100.0,70.0,
1434,13,1,1,9,2,100.0,76.0,
1435,114,1,1,9,3,90.0,68.0,
1436,3,1,1,9,9,35.0,,
1437,29,1,1,9,4,,59.0,
1438,97,1,1,9,7,70.0,44.0,
1439,60,1,1,9,3,80.0,65.0,
1440,82,1,1,9,2,100.0,73.0,
1441,167,1,1,9,5,,0.0,
1442,68,1,1,9,7,50.0,44.0,
1443,58,1,1,9,5,,20.0,
1444,126,1,1,9,4,80.0,53.0,
1445,6,1,1,9,9,100.0,,
1446,20,1,1,9,5,,34.0,
1447,85,1,1,9,5,100.0,21.0,
1448,54,1,1,9,7,100.0,41.0,
1449,108,1,1,9,4,,57.0,
1450,143,1,1,9,5,,13.0,
1451,30,1,1,9,5,,17.0,
1452,170,1,1,9,5,,0.0,
1453,19,1,1,9,1,100.0,83.0,
1454,71,1,1,9,5,5.0,30.0,
1455,119,1,1,9,4,50.0,50.0,
1456,42,1,1,9,3,,62.0,
1457,117,1,1,9,1,100.0,82.0,
1458,76,1,1,9,4,70.0,53.0,
1459,24,1,1,9,7,,40.0,
1460,72,1,1,9,3,60.0,66.0,
1461,66,1,1,9,22,90.0,46.0,
1462,124,1,1,9,2,85.0,72.0,
1463,125,1,1,9,2,85.0,75.0,
1464,81,1,1,9,5,50.0,25.0,
1465,162,1,1,9,5,,7.0,
1466,99,1,1,9,3,90.0,60.0,
1467,65,1,1,9,4,95.0,58.0,
1468,163,1,1,9,5,,11.0,
1469,107,1,1,9,4,55.0,53.0,
1470,134,1,1,9,5,,27.0,
1471,2,1,1,9,7,100.0,41.0,
1472,139,1,1,9,5,0.0,33.0,
1473,123,1,1,9,5,50.0,18.0,
1474,36,1,1,9,4,50.0,56.0,
1475,118,1,1,9,3,50.0,64.0,
1476,70,1,1,9,1,90.0,85.0,
1477,144,1,1,9,4,,58.0,
1478,104,1,1,9,2,95.0,72.0,
1479,159,1,1,9,5,,5.0,
1480,10,1,1,9,5,,32.0,
1481,50,1,1,9,3,30.0,60.0,
1482,101,1,1,9,5,90.0,38.0,
1483,84,1,1,9,4,90.0,52.0,
1484,9,1,1,9,2,0.0,75.0,
1485,22,1,1,9,1,90.0,83.0,
1486,109,1,1,9,3,,66.0,
1487,141,1,1,9,22,,48.0,
1488,88,1,1,9,3,,62.0,
1489,116,1,1,9,5,,23.0,
1490,150,1,1,9,3,,69.0,
1491,32,1,1,9,2,100.0,75.0,
1492,161,1,1,9,5,,3.0,
1493,35,1,1,9,22,90.0,48.0,
1494,94,1,1,9,4,,51.0,
1495,113,1,1,9,5,10.0,24.0,
1496,96,1,1,9,5,100.0,25.0,
1497,47,1,1,9,7,95.0,43.0,
1498,44,1,1,9,3,90.0,60.0,
1499,98,1,1,9,5,,28.0,
1500,21,1,1,9,4,,50.0,
1501,51,1,1,9,1,80.0,82.0,
1502,86,1,1,9,5,,30.0,
1503,45,1,1,9,2,100.0,71.0,
1504,158,1,1,9,5,,3.0,
1505,130,1,1,9,5,,25.0,
1506,157,1,1,9,5,,5.0,
1507,37,1,1,9,4,75.0,54.0,
1508,69,1,1,9,4,60.0,58.0,
1509,92,1,1,9,7,,40.0,
1510,120,1,1,9,3,85.0,61.0,
1511,165,1,1,9,5,,3.0,
1512,132,1,1,9,3,60.0,63.0,
1513,12,1,1,9,2,80.0,75.0,
1514,115,1,1,9,4,50.0,58.0,
1515,79,1,1,9,3,50.0,63.0,
1516,138,1,1,9,7,90.0,42.0,
1517,46,1,1,9,22,85.0,46.0,
1518,16,1,1,9,4,50.0,51.0,
1519,64,1,1,9,5,,23.0,
1520,168,1,1,9,5,,2.0,
1521,4,1,1,9,22,100.0,49.0,
1522,14,1,1,9,4,95.0,50.0,
1523,31,1,1,9,2,90.0,72.0,
1524,140,1,1,9,5,,0.0,
1525,171,1,1,9,5,,0.0,
1526,59,1,1,9,5,,19.0,
1527,61,1,1,9,1,90.0,83.0,
1528,129,1,1,9,5,,24.0,
1529,74,1,1,9,4,85.0,54.0,
1530,28,1,1,9,5,,2.0,
1531,112,1,1,10,4,90.0,52.0,
1532,135,1,1,10,5,90.0,38.0,
1533,102,1,1,10,5,,2.0,
1534,7,1,1,10,22,65.0,46.0,
1535,111,1,1,10,22,90.0,45.0,
1536,160,1,1,10,5,0.0,5.0,
1537,62,1,1,10,22,60.0,48.0,
1538,57,1,1,10,22,,47.0,
1539,33,1,1,10,22,100.0,49.0,
1540,154,1,1,10,5,,1.0,
1541,148,1,1,10,5,,24.0,
1542,147,1,1,10,5,,25.0,
1543,41,1,1,10,5,,15.0,
1544,49,1,1,10,5,,26.0,
1545,110,1,1,10,5,,22.0,
1546,5,1,1,10,1,100.0,86.0,
1547,106,1,1,10,5,60.0,33.0,
1548,83,1,1,10,5,95.0,30.0,
1549,15,1,1,10,4,100.0,59.0,
1550,23,1,1,10,1,90.0,83.0,
1551,87,1,1,10,7,0.0,41.0,
1552,78,1,1,10,5,80.0,39.0,
1553,77,1,1,10,4,,50.0,
1554,155,1,1,10,5,,0.0,
1555,17,1,1,10,5,,5.0,
1556,8,1,1,10,22,0.0,46.0,
1557,152,1,1,10,5,,11.0,
1558,38,1,1,10,22,45.0,45.0,
1559,142,1,1,10,2,90.0,71.0,
1560,121,1,1,10,5,,25.0,
1561,136,1,1,10,4,80.0,56.0,
1562,151,1,1,10,5,100.0,10.0,
1563,100,1,1,10,5,,10.0,
1564,164,1,1,10,5,,0.0,
1565,43,1,1,10,7,100.0,43.0,
1566,137,1,1,10,5,100.0,37.0,
1567,128,1,1,10,5,,30.0,
1568,40,1,1,10,5,60.0,34.0,
1569,93,1,1,10,5,,33.0,
1570,25,1,1,10,7,60.0,40.0,
1571,169,1,1,10,5,0.0,0.0,
1572,52,1,1,10,3,50.0,62.0,
1573,95,1,1,10,9,0.0,,
1574,56,1,1,10,3,0.0,60.0,
1575,89,1,1,10,5,,9.0,
1576,91,1,1,10,2,95.0,72.0,
1577,26,1,1,10,5,40.0,18.0,
1578,75,1,1,10,4,,55.0,
1579,53,1,1,10,5,,37.0,
1580,156,1,1,10,7,80.0,42.0,
1581,145,1,1,10,5,,17.0,
1582,153,1,1,10,5,,26.0,
1583,127,1,1,10,5,,23.0,
1584,55,1,1,10,5,0.0,22.0,
1585,63,1,1,10,22,,46.0,
1586,80,1,1,10,3,100.0,67.0,
1587,48,1,1,10,22,40.0,48.0,
1588,166,1,1,10,5,,0.0,
1589,103,1,1,10,2,100.0,74.0,
1590,149,1,1,10,3,,60.0,
1591,146,1,1,10,5,,22.0,
1592,122,1,1,10,3,,64.0,
1593,90,1,1,10,2,80.0,73.0,
1594,105,1,1,10,5,,36.0,
1595,11,1,1,10,5,100.0,33.0,
1596,73,1,1,10,5,90.0,11.0,
1597,34,1,1,10,7,,44.0,
1598,131,1,1,10,1,85.0,82.0,
1599,18,1,1,10,5,0.0,0.0,
1600,39,1,1,10,2,80.0,70.0,
1601,27,1,1,10,5,,24.0,
1602,133,1,1,10,5,,10.0,
1603,67,1,1,10,2,90.0,70.0,
1604,13,1,1,10,2,100.0,76.0,
1605,114,1,1,10,3,90.0,68.0,
1606,3,1,1,10,9,,,
1607,29,1,1,10,4,100.0,59.0,
1608,97,1,1,10,7,,44.0,
1609,60,1,1,10,3,95.0,65.0,
1610,82,1,1,10,2,70.0,73.0,
1611,167,1,1,10,5,,0.0,
1612,68,1,1,10,7,100.0,44.0,
1613,58,1,1,10,5,10.0,20.0,
1614,126,1,1,10,4,0.0,53.0,
1615,6,1,1,10,9,100.0,,
1616,20,1,1,10,5,,34.0,
1617,85,1,1,10,5,100.0,21.0,
1618,54,1,1,10,7,,41.0,
1619,108,1,1,10,4,0.0,57.0,
1620,143,1,1,10,5,,13.0,
1621,30,1,1,10,5,,17.0,
1622,170,1,1,10,5,,0.0,
1623,19,1,1,10,1,100.0,83.0,
1624,71,1,1,10,5,0.0,30.0,
1625,119,1,1,10,4,50.0,50.0,
1626,42,1,1,10,3,100.0,62.0,
1627,117,1,1,10,1,100.0,82.0,
1628,76,1,1,10,4,40.0,53.0,
1629,24,1,1,10,7,,40.0,
1630,72,1,1,10,3,100.0,66.0,
1631,66,1,1,10,22,55.0,46.0,
1632,124,1,1,10,2,95.0,72.0,
1633,125,1,1,10,2,95.0,75.0,
1634,81,1,1,10,5,75.0,25.0,
1635,162,1,1,10,5,0.0,7.0,
1636,99,1,1,10,3,50.0,60.0,
1637,65,1,1,10,4,90.0,58.0,
1638,163,1,1,10,5,,11.0,
1639,107,1,1,10,4,,53.0,
1640,134,1,1,10,5,65.0,27.0,
1641,2,1,1,10,7,0.0,41.0,
1642,139,1,1,10,5,,33.0,
1643,123,1,1,10,5,,18.0,
1644,36,1,1,10,4,50.0,56.0,
1645,118,1,1,10,3,100.0,64.0,
1646,70,1,1,10,1,100.0,85.0,
1647,144,1,1,10,4,75.0,58.0,
1648,104,1,1,10,2,80.0,72.0,
1649,159,1,1,10,5,,5.0,
1650,10,1,1,10,5,80.0,32.0,
1651,50,1,1,10,3,20.0,60.0,
1652,101,1,1,10,5,60.0,38.0,
1653,84,1,1,10,4,100.0,52.0,
1654,9,1,1,10,2,40.0,75.0,
1655,22,1,1,10,1,95.0,83.0,
1656,109,1,1,10,3,85.0,66.0,
1657,141,1,1,10,22,30.0,48.0,
1658,88,1,1,10,3,,62.0,
1659,116,1,1,10,5,0.0,23.0,
1660,150,1,1,10,3,100.0,69.0,
1661,32,1,1,10,2,90.0,75.0,
1662,161,1,1,10,5,,3.0,
1663,35,1,1,10,22,95.0,48.0,
1664,94,1,1,10,4,40.0,51.0,
1665,113,1,1,10,5,0.0,24.0,
1666,96,1,1,10,5,100.0,25.0,
1667,47,1,1,10,7,90.0,43.0,
1668,44,1,1,10,3,,60.0,
1669,98,1,1,10,5,,28.0,
1670,21,1,1,10,4,,50.0,
1671,51,1,1,10,1,100.0,82.0,
1672,86,1,1,10,5,,30.0,
1673,45,1,1,10,2,90.0,71.0,
1674,158,1,1,10,5,,3.0,
1675,130,1,1,10,5,,25.0,
1676,157,1,1,10,5,,5.0,
1677,37,1,1,10,4,80.0,54.0,
1678,69,1,1,10,4,85.0,58.0,
1679,92,1,1,10,7,100.0,40.0,
1680,120,1,1,10,3,100.0,61.0,
1681,165,1,1,10,5,,3.0,
1682,132,1,1,10,3,,63.0,
1683,12,1,1,10,2,85.0,75.0,
1684,115,1,1,10,4,,58.0,
1685,79,1,1,10,3,,63.0,
1686,138,1,1,10,7,35.0,42.0,
1687,46,1,1,10,22,85.0,46.0,
1688,16,1,1,10,4,0.0,51.0,
1689,64,1,1,10,5,,23.0,
1690,168,1,1,10,5,,2.0,
1691,4,1,1,10,22,100.0,49.0,
1692,14,1,1,10,4,85.0,50.0,
1693,31,1,1,10,2,80.0,72.0,
1694,140,1,1,10,5,,0.0,
1695,171,1,1,10,5,0.0,0.0,
1696,59,1,1,10,5,,19.0,
1697,61,1,1,10,1,100.0,83.0,
1698,129,1,1,10,5,,24.0,
1699,74,1,1,10,4,80.0,54.0,
1700,28,1,1,10,5,,2.0,
1701,112,1,1,11,4,62.5,52.0,
1702,135,1,1,11,5,84.0,38.0,
1703,102,1,1,11,5,7.0,2.0,
1704,7,1,1,11,22,55.0,46.0,
1705,111,1,1,11,22,72.5,45.0,
1706,160,1,1,11,5,0.0,5.0,
1707,62,1,1,11,22,74.0,48.0,
1708,57,1,1,11,22,10.0,47.0,
1709,33,1,1,11,22,89.0,49.0,
1710,154,1,1,11,5,5.0,1.0,
1711,148,1,1,11,5,31.0,24.0,
1712,147,1,1,11,5,41.0,25.0,
1713,41,1,1,11,5,27.0,15.0,
1714,49,1,1,11,5,29.0,26.0,
1715,110,1,1,11,5,27.0,22.0,
1716,5,1,1,11,1,84.0,86.0,
1717,106,1,1,11,5,47.0,33.0,
1718,83,1,1,11,5,74.0,30.0,
1719,15,1,1,11,4,93.0,59.0,
1720,23,1,1,11,1,92.5,83.0,
1721,87,1,1,11,7,57.5,41.0,
1722,78,1,1,11,5,67.5,39.0,
1723,77,1,1,11,4,38.0,50.0,
1724,155,1,1,11,5,0.0,0.0,
1725,17,1,1,11,5,22.0,5.0,
1726,8,1,1,11,22,49.0,46.0,
1727,152,1,1,11,5,2.0,11.0,
1728,38,1,1,11,22,60.5,45.0,
1729,142,1,1,11,2,82.0,71.0,
1730,121,1,1,11,5,18.5,25.0,
1731,136,1,1,11,4,65.5,56.0,
1732,151,1,1,11,5,49.0,10.0,
1733,100,1,1,11,5,29.5,10.0,
1734,164,1,1,11,5,0.0,0.0,
1735,43,1,1,11,7,78.0,43.0,
1736,137,1,1,11,5,88.5,37.0,
1737,128,1,1,11,5,51.0,30.0,
1738,40,1,1,11,5,66.5,34.0,
1739,93,1,1,11,5,28.5,33.0,
1740,25,1,1,11,7,82.0,40.0,
1741,169,1,1,11,5,0.0,0.0,
1742,52,1,1,11,3,74.5,62.0,
1743,95,1,1,11,9,30.0,,
1744,56,1,1,11,3,75.5,60.0,
1745,89,1,1,11,5,0.0,9.0,
1746,91,1,1,11,2,83.0,72.0,
1747,26,1,1,11,5,35.0,18.0,
1748,75,1,1,11,4,72.5,55.0,
1749,53,1,1,11,5,46.0,37.0,
1750,156,1,1,11,7,82.5,42.0,
1751,145,1,1,11,5,31.0,17.0,
1752,153,1,1,11,5,39.0,26.0,
1753,127,1,1,11,5,29.5,23.0,
1754,55,1,1,11,5,23.5,22.0,
1755,63,1,1,11,22,74.0,46.0,
1756,80,1,1,11,3,82.0,67.0,
1757,48,1,1,11,22,71.0,48.0,
1758,166,1,1,11,5,2.0,0.0,
1759,103,1,1,11,2,98.5,74.0,
1760,149,1,1,11,3,88.5,60.0,
1761,146,1,1,11,5,14.5,22.0,
1762,122,1,1,11,3,88.5,64.0,
1763,90,1,1,11,2,90.5,73.0,
1764,105,1,1,11,5,49.5,36.0,
1765,11,1,1,11,5,83.0,33.0,
1766,73,1,1,11,5,46.0,11.0,
1767,34,1,1,11,7,62.5,44.0,
1768,131,1,1,11,1,87.5,82.0,
1769,18,1,1,11,5,0.0,0.0,
1770,39,1,1,11,2,88.0,70.0,
1771,27,1,1,11,5,45.0,24.0,
1772,133,1,1,11,5,5.0,10.0,
1773,67,1,1,11,2,91.0,70.0,
1774,13,1,1,11,2,100.0,76.0,
1775,114,1,1,11,3,82.0,68.0,
1776,3,1,1,11,9,52.0,,
1777,29,1,1,11,4,75.5,59.0,
1778,97,1,1,11,7,55.5,44.0,
1779,60,1,1,11,3,91.4,65.0,
1780,82,1,1,11,2,91.5,73.0,
1781,167,1,1,11,5,0.0,0.0,
1782,68,1,1,11,7,81.0,44.0,
1783,58,1,1,11,5,9.0,20.0,
1784,126,1,1,11,4,63.5,53.0,
1785,6,1,1,11,9,90.5,,
1786,20,1,1,11,5,22.0,34.0,
1787,85,1,1,11,5,89.5,21.0,
1788,54,1,1,11,7,66.0,41.0,
1789,108,1,1,11,4,50.5,57.0,
1790,143,1,1,11,5,14.0,13.0,
1791,30,1,1,11,5,21.0,17.0,
1792,170,1,1,11,5,0.0,0.0,
1793,19,1,1,11,1,93.5,83.0,
1794,71,1,1,11,5,43.0,30.0,
1795,119,1,1,11,4,73.5,50.0,
1796,42,1,1,11,3,73.5,62.0,
1797,117,1,1,11,1,100.0,82.0,
1798,76,1,1,11,4,68.5,53.0,
1799,24,1,1,11,7,38.5,40.0,
1800,72,1,1,11,3,71.0,66.0,
1801,66,1,1,11,22,71.5,46.0,
1802,124,1,1,11,2,84.0,72.0,
1803,125,1,1,11,2,90.0,75.0,
1804,81,1,1,11,5,35.0,25.0,
1805,162,1,1,11,5,32.5,7.0,
1806,99,1,1,11,3,66.5,60.0,
1807,65,1,1,11,4,86.9,58.0,
1808,163,1,1,11,5,55.0,11.0,
1809,107,1,1,11,4,61.0,53.0,
1810,134,1,1,11,5,40.0,27.0,
1811,2,1,1,11,7,83.5,41.0,
1812,139,1,1,11,5,31.0,33.0,
1813,123,1,1,11,5,19.5,18.0,
1814,36,1,1,11,4,65.0,56.0,
1815,118,1,1,11,3,76.0,64.0,
1816,70,1,1,11,1,97.0,85.0,
1817,144,1,1,11,4,41.0,58.0,
1818,104,1,1,11,2,91.0,72.0,
1819,159,1,1,11,5,15.0,5.0,
1820,10,1,1,11,5,36.5,32.0,
1821,50,1,1,11,3,30.0,60.0,
1822,101,1,1,11,5,78.0,38.0,
1823,84,1,1,11,4,88.0,52.0,
1824,9,1,1,11,2,67.0,75.0,
1825,22,1,1,11,1,97.5,83.0,
1826,109,1,1,11,3,43.5,66.0,
1827,141,1,1,11,22,46.5,48.0,
1828,88,1,1,11,3,30.0,62.0,
1829,116,1,1,11,5,0.0,23.0,
1830,150,1,1,11,3,88.5,69.0,
1831,32,1,1,11,2,85.5,75.0,
1832,161,1,1,11,5,11.0,3.0,
1833,35,1,1,11,22,88.9,48.0,
1834,94,1,1,11,4,60.0,51.0,
1835,113,1,1,11,5,18.0,24.0,
1836,96,1,1,11,5,85.0,25.0,
1837,47,1,1,11,7,84.0,43.0,
1838,44,1,1,11,3,73.0,60.0,
1839,98,1,1,11,5,12.0,28.0,
1840,21,1,1,11,4,26.5,50.0,
1841,51,1,1,11,1,77.5,82.0,
1842,86,1,1,11,5,39.0,30.0,
1843,45,1,1,11,2,90.0,71.0,
1844,158,1,1,11,5,0.0,3.0,
1845,130,1,1,11,5,23.0,25.0,
1846,157,1,1,11,5,14.5,5.0,
1847,37,1,1,11,4,69.0,54.0,
1848,69,1,1,11,4,74.5,58.0,
1849,92,1,1,11,7,43.5,40.0,
1850,120,1,1,11,3,86.0,61.0,
1851,165,1,1,11,5,15.0,3.0,
1852,132,1,1,11,3,68.0,63.0,
1853,12,1,1,11,2,82.5,75.0,
1854,115,1,1,11,4,70.0,58.0,
1855,79,1,1,11,3,69.0,63.0,
1856,138,1,1,11,7,60.0,42.0,
1857,46,1,1,11,22,75.5,46.0,
1858,16,1,1,11,4,76.0,51.0,
1859,64,1,1,11,5,22.0,23.0,
1860,168,1,1,11,5,8.5,2.0,
1861,4,1,1,11,22,88.5,49.0,
1862,14,1,1,11,4,90.5,50.0,
1863,31,1,1,11,2,93.7,72.0,
1864,140,1,1,11,5,2.0,0.0,
1865,171,1,1,11,5,0.0,0.0,
1866,59,1,1,11,5,29.0,19.0,
1867,61,1,1,11,1,93.0,83.0,
1868,129,1,1,11,5,40.0,24.0,
1869,74,1,1,11,4,78.5,54.0,
1870,28,1,1,11,5,9.5,2.0,
1871,112,1,1,12,4,76,52.0,
1872,135,1,1,12,5,37,38.0,
1873,102,1,1,12,5,3,2.0,
1874,7,1,1,12,22,31,46.0,
1875,111,1,1,12,22,69,45.0,
1876,160,1,1,12,5,50,5.0,
1877,62,1,1,12,22,64,48.0,
1878,57,1,1,12,22,55,47.0,
1879,33,1,1,12,22,81,49.0,
1880,154,1,1,12,5,1,1.0,
1881,148,1,1,12,5,36,24.0,
1882,147,1,1,12,5,88,25.0,
1883,41,1,1,12,5,,15.0,
1884,49,1,1,12,5,61,26.0,
1885,110,1,1,12,5,49,22.0,
1886,5,1,1,12,1,90,86.0,
1887,106,1,1,12,5,50,33.0,
1888,83,1,1,12,5,58,30.0,
1889,15,1,1,12,4,73,59.0,
1890,23,1,1,12,1,55.5,83.0,
1891,87,1,1,12,7,42,41.0,
1892,78,1,1,12,5,92.5,39.0,
1893,77,1,1,12,4,54,50.0,
1894,155,1,1,12,5,,0.0,
1895,17,1,1,12,5,4.5,5.0,
1896,8,1,1,12,22,94,46.0,
1897,152,1,1,12,5,29,11.0,
1898,38,1,1,12,22,92,45.0,
1899,142,1,1,12,2,79,71.0,
1900,121,1,1,12,5,61,25.0,
1901,136,1,1,12,4,68,56.0,
1902,151,1,1,12,5,,10.0,
1903,100,1,1,12,5,43.5,10.0,
1904,164,1,1,12,5,,0.0,
1905,43,1,1,12,7,61,43.0,
1906,137,1,1,12,5,54.5,37.0,
1907,128,1,1,12,5,58,30.0,
1908,40,1,1,12,5,52,34.0,
1909,93,1,1,12,5,29.5,33.0,
1910,25,1,1,12,7,83,40.0,
1911,169,1,1,12,5,,0.0,
1912,52,1,1,12,3,55,62.0,
1913,95,1,1,12,9,86,,
1914,56,1,1,12,3,90,60.0,
1915,89,1,1,12,5,18,9.0,
1916,91,1,1,12,2,95,72.0,
1917,26,1,1,12,5,36,18.0,
1918,75,1,1,12,4,74,55.0,
1919,53,1,1,12,5,69.5,37.0,
1920,156,1,1,12,7,94,42.0,
1921,145,1,1,12,5,65,17.0,
1922,153,1,1,12,5,65,26.0,
1923,127,1,1,12,5,52,23.0,
1924,55,1,1,12,5,75,22.0,
1925,63,1,1,12,22,84,46.0,
1926,80,1,1,12,3,83,67.0,
1927,48,1,1,12,22,100,48.0,
1928,166,1,1,12,5,,0.0,
1929,103,1,1,12,2,40,74.0,
1930,149,1,1,12,3,66,60.0,
1931,146,1,1,12,5,75,22.0,
1932,122,1,1,12,3,83,64.0,
1933,90,1,1,12,2,79,73.0,
1934,105,1,1,12,5,55,36.0,
1935,11,1,1,12,5,83,33.0,
1936,73,1,1,12,5,14,11.0,
1937,34,1,1,12,7,73.5,44.0,
1938,131,1,1,12,1,99,82.0,
1939,18,1,1,12,5,,0.0,
1940,39,1,1,12,2,69,70.0,
1941,27,1,1,12,5,42,24.0,
1942,133,1,1,12,5,30,10.0,
1943,67,1,1,12,2,86,70.0,
1944,13,1,1,12,2,100,76.0,
1945,114,1,1,12,3,64.5,68.0,
1946,3,1,1,12,9,62.5,,
1947,29,1,1,12,4,58,59.0,
1948,97,1,1,12,7,100,44.0,
1949,60,1,1,12,3,95,65.0,
1950,82,1,1,12,2,99,73.0,
1951,167,1,1,12,5,,0.0,
1952,68,1,1,12,7,79,44.0,
1953,58,1,1,12,5,55,20.0,
1954,126,1,1,12,4,89,53.0,
1955,6,1,1,12,9,54,,
1956,20,1,1,12,5,29.5,34.0,
1957,85,1,1,12,5,31,21.0,
1958,54,1,1,12,7,48,41.0,
1959,108,1,1,12,4,55.5,57.0,
1960,143,1,1,12,5,81,13.0,
1961,30,1,1,12,5,66.5,17.0,
1962,170,1,1,12,5,0,0.0,
1963,19,1,1,12,1,95,83.0,
1964,71,1,1,12,5,80,30.0,
1965,119,1,1,12,4,41,50.0,
1966,42,1,1,12,3,84,62.0,
1967,117,1,1,12,1,50,82.0,
1968,76,1,1,12,4,60,53.0,
1969,24,1,1,12,7,88,40.0,
1970,72,1,1,12,3,83,66.0,
1971,66,1,1,12,22,91,46.0,
1972,124,1,1,12,2,69,72.0,
1973,125,1,1,12,2,72,75.0,
1974,81,1,1,12,5,28,25.0,
1975,162,1,1,12,5,0,7.0,
1976,99,1,1,12,3,75,60.0,
1977,65,1,1,12,4,58,58.0,
1978,163,1,1,12,5,,11.0,
1979,107,1,1,12,4,66,53.0,
1980,134,1,1,12,5,44,27.0,
1981,2,1,1,12,7,25,41.0,
1982,139,1,1,12,5,61,33.0,
1983,123,1,1,12,5,,18.0,
1984,36,1,1,12,4,85,56.0,
1985,118,1,1,12,3,83,64.0,
1986,70,1,1,12,1,97,85.0,
1987,144,1,1,12,4,,58.0,
1988,104,1,1,12,2,92,72.0,
1989,159,1,1,12,5,21,5.0,
1990,10,1,1,12,5,45,32.0,
1991,50,1,1,12,3,84,60.0,
1992,101,1,1,12,5,43,38.0,
1993,84,1,1,12,4,69,52.0,
1994,9,1,1,12,2,88,75.0,
1995,22,1,1,12,1,100,83.0,
1996,109,1,1,12,3,55,66.0,
1997,141,1,1,12,22,87.5,48.0,
1998,88,1,1,12,3,83,62.0,
1999,116,1,1,12,5,78,23.0,
2000,150,1,1,12,3,49,69.0,
2001,32,1,1,12,2,59,75.0,
2002,161,1,1,12,5,,3.0,
2003,35,1,1,12,22,78,48.0,
2004,94,1,1,12,4,29.5,51.0,
2005,113,1,1,12,5,75,24.0,
2006,96,1,1,12,5,44,25.0,
2007,47,1,1,12,7,88,43.0,
2008,44,1,1,12,3,76,60.0,
2009,98,1,1,12,5,66,28.0,
2010,21,1,1,12,4,63.5,50.0,
2011,51,1,1,12,1,90,82.0,
2012,86,1,1,12,5,64,30.0,
2013,45,1,1,12,2,94,71.0,
2014,158,1,1,12,5,33,3.0,
2015,130,1,1,12,5,75,25.0,
2016,157,1,1,12,5,16,5.0,
2017,37,1,1,12,4,80,54.0,
2018,69,1,1,12,4,80,58.0,
2019,92,1,1,12,7,82.5,40.0,
2020,120,1,1,12,3,64,61.0,
2021,165,1,1,12,5,,3.0,
2022,132,1,1,12,3,88,63.0,
2023,12,1,1,12,2,55,75.0,
2024,115,1,1,12,4,65,58.0,
2025,79,1,1,12,3,53.5,63.0,
2026,138,1,1,12,7,67,42.0,
2027,46,1,1,12,22,61,46.0,
2028,16,1,1,12,4,78,51.0,
2029,64,1,1,12,5,57,23.0,
2030,168,1,1,12,5,,2.0,
2031,4,1,1,12,22,76,49.0,
2032,14,1,1,12,4,82,50.0,
2033,31,1,1,12,2,95,72.0,
2034,140,1,1,12,5,,0.0,
2035,171,1,1,12,5,,0.0,
2036,59,1,1,12,5,55,19.0,
2037,61,1,1,12,1,91,83.0,
2038,129,1,1,12,5,80,24.0,
2039,74,1,1,12,4,92,54.0,
2040,28,1,1,12,5,,2.0,
2041,112,1,1,13,4,76.0,52.0,
2042,135,1,1,13,5,37.0,38.0,
2043,102,1,1,13,5,3.0,2.0,
2044,7,1,1,13,22,31.0,46.0,
2045,111,1,1,13,22,69.0,45.0,
2046,160,1,1,13,5,50.0,5.0,
2047,62,1,1,13,22,64.0,48.0,
2048,57,1,1,13,22,55.0,47.0,
2049,33,1,1,13,22,81.0,49.0,
2050,154,1,1,13,5,1.0,1.0,
2051,148,1,1,13,5,36.0,24.0,
2052,147,1,1,13,5,88.0,25.0,
2053,41,1,1,13,5,0.0,15.0,
2054,49,1,1,13,5,61.0,26.0,
2055,110,1,1,13,5,49.0,22.0,
2056,5,1,1,13,1,90.0,86.0,
2057,106,1,1,13,5,50.0,33.0,
2058,83,1,1,13,5,58.0,30.0,
2059,15,1,1,13,4,73.0,59.0,
2060,23,1,1,13,1,55.5,83.0,
2061,87,1,1,13,7,42.0,41.0,
2062,78,1,1,13,5,92.5,39.0,
2063,77,1,1,13,4,54.0,50.0,
2064,155,1,1,13,5,0.0,0.0,
2065,17,1,1,13,5,4.5,5.0,
2066,8,1,1,13,22,94.0,46.0,
2067,152,1,1,13,5,29.0,11.0,
2068,38,1,1,13,22,92.0,45.0,
2069,142,1,1,13,2,79.0,71.0,
2070,121,1,1,13,5,61.0,25.0,
2071,136,1,1,13,4,68.0,56.0,
2072,151,1,1,13,5,0.0,10.0,
2073,100,1,1,13,5,43.5,10.0,
2074,164,1,1,13,5,0.0,0.0,
2075,43,1,1,13,7,61.0,43.0,
2076,137,1,1,13,5,54.5,37.0,
2077,128,1,1,13,5,58.0,30.0,
2078,40,1,1,13,5,52.0,34.0,
2079,93,1,1,13,5,29.5,33.0,
2080,25,1,1,13,7,83.0,40.0,
2081,169,1,1,13,5,0.0,0.0,
2082,52,1,1,13,3,55.0,62.0,
2083,95,1,1,13,9,86.0,,
2084,56,1,1,13,3,90.0,60.0,
2085,89,1,1,13,5,18.0,9.0,
2086,91,1,1,13,2,95.0,72.0,
2087,26,1,1,13,5,36.0,18.0,
2088,75,1,1,13,4,74.0,55.0,
2089,53,1,1,13,5,69.5,37.0,
2090,156,1,1,13,7,94.0,42.0,
2091,145,1,1,13,5,65.0,17.0,
2092,153,1,1,13,5,65.0,26.0,
2093,127,1,1,13,5,52.0,23.0,
2094,55,1,1,13,5,75.0,22.0,
2095,63,1,1,13,22,84.0,46.0,
2096,80,1,1,13,3,83.0,67.0,
2097,48,1,1,13,22,100.0,48.0,
2098,166,1,1,13,5,0.0,0.0,
2099,103,1,1,13,2,40.0,74.0,
2100,149,1,1,13,3,66.0,60.0,
2101,146,1,1,13,5,75.0,22.0,
2102,122,1,1,13,3,83.0,64.0,
2103,90,1,1,13,2,79.0,73.0,
2104,105,1,1,13,5,55.0,36.0,
2105,11,1,1,13,5,83.0,33.0,
2106,73,1,1,13,5,14.0,11.0,
2107,34,1,1,13,7,73.5,44.0,
2108,131,1,1,13,1,99.0,82.0,
2109,18,1,1,13,5,0.0,0.0,
2110,39,1,1,13,2,69.0,70.0,
2111,27,1,1,13,5,42.0,24.0,
2112,133,1,1,13,5,30.0,10.0,
2113,67,1,1,13,2,86.0,70.0,
2114,13,1,1,13,2,100.0,76.0,
2115,114,1,1,13,3,64.5,68.0,
2116,3,1,1,13,9,62.5,,
2117,29,1,1,13,4,58.0,59.0,
2118,97,1,1,13,7,100.0,44.0,
2119,60,1,1,13,3,95.0,65.0,
2120,82,1,1,13,2,99.0,73.0,
2121,167,1,1,13,5,0.0,0.0,
2122,68,1,1,13,7,79.0,44.0,
2123,58,1,1,13,5,55.0,20.0,
2124,126,1,1,13,4,89.0,53.0,
2125,6,1,1,13,9,54.0,,
2126,20,1,1,13,5,29.5,34.0,
2127,85,1,1,13,5,31.0,21.0,
2128,54,1,1,13,7,48.0,41.0,
2129,108,1,1,13,4,55.5,57.0,
2130,143,1,1,13,5,81.0,13.0,
2131,30,1,1,13,5,66.5,17.0,
2132,170,1,1,13,5,0.0,0.0,
2133,19,1,1,13,1,95.0,83.0,
2134,71,1,1,13,5,80.0,30.0,
2135,119,1,1,13,4,41.0,50.0,
2136,42,1,1,13,3,84.0,62.0,
2137,117,1,1,13,1,50.0,82.0,
2138,76,1,1,13,4,60.0,53.0,
2139,24,1,1,13,7,88.0,40.0,
2140,72,1,1,13,3,83.0,66.0,
2141,66,1,1,13,22,91.0,46.0,
2142,124,1,1,13,2,69.0,72.0,
2143,125,1,1,13,2,72.0,75.0,
2144,81,1,1,13,5,28.0,25.0,
2145,162,1,1,13,5,0.0,7.0,
2146,99,1,1,13,3,75.0,60.0,
2147,65,1,1,13,4,58.0,58.0,
2148,163,1,1,13,5,0.0,11.0,
2149,107,1,1,13,4,66.0,53.0,
2150,134,1,1,13,5,44.0,27.0,
2151,2,1,1,13,7,25.0,41.0,
2152,139,1,1,13,5,61.0,33.0,
2153,123,1,1,13,5,0.0,18.0,
2154,36,1,1,13,4,85.0,56.0,
2155,118,1,1,13,3,83.0,64.0,
2156,70,1,1,13,1,97.0,85.0,
2157,144,1,1,13,4,0.0,58.0,
2158,104,1,1,13,2,92.0,72.0,
2159,159,1,1,13,5,21.0,5.0,
2160,10,1,1,13,5,45.0,32.0,
2161,50,1,1,13,3,84.0,60.0,
2162,101,1,1,13,5,43.0,38.0,
2163,84,1,1,13,4,69.0,52.0,
2164,9,1,1,13,2,88.0,75.0,
2165,22,1,1,13,1,100.0,83.0,
2166,109,1,1,13,3,55.0,66.0,
2167,141,1,1,13,22,87.5,48.0,
2168,88,1,1,13,3,83.0,62.0,
2169,116,1,1,13,5,78.0,23.0,
2170,150,1,1,13,3,49.0,69.0,
2171,32,1,1,13,2,59.0,75.0,
2172,161,1,1,13,5,0.0,3.0,
2173,35,1,1,13,22,78.0,48.0,
2174,94,1,1,13,4,29.5,51.0,
2175,113,1,1,13,5,75.0,24.0,
2176,96,1,1,13,5,44.0,25.0,
2177,47,1,1,13,7,88.0,43.0,
2178,44,1,1,13,3,76.0,60.0,
2179,98,1,1,13,5,66.0,28.0,
2180,21,1,1,13,4,63.5,50.0,
2181,51,1,1,13,1,90.0,82.0,
2182,86,1,1,13,5,64.0,30.0,
2183,45,1,1,13,2,94.0,71.0,
2184,158,1,1,13,5,33.0,3.0,
2185,130,1,1,13,5,75.0,25.0,
2186,157,1,1,13,5,16.0,5.0,
2187,37,1,1,13,4,80.0,54.0,
2188,69,1,1,13,4,80.0,58.0,
2189,92,1,1,13,7,82.5,40.0,
2190,120,1,1,13,3,64.0,61.0,
2191,165,1,1,13,5,0.0,3.0,
2192,132,1,1,13,3,88.0,63.0,
2193,12,1,1,13,2,55.0,75.0,
2194,115,1,1,13,4,65.0,58.0,
2195,79,1,1,13,3,53.5,63.0,
2196,138,1,1,13,7,67.0,42.0,
2197,46,1,1,13,22,61.0,46.0,
2198,16,1,1,13,4,78.0,51.0,
2199,64,1,1,13,5,57.0,23.0,
2200,168,1,1,13,5,0.0,2.0,
2201,4,1,1,13,22,76.0,49.0,
2202,14,1,1,13,4,82.0,50.0,
2203,31,1,1,13,2,95.0,72.0,
2204,140,1,1,13,5,0.0,0.0,
2205,171,1,1,13,5,0.0,0.0,
2206,59,1,1,13,5,55.0,19.0,
2207,61,1,1,13,1,91.0,83.0,
2208,129,1,1,13,5,80.0,24.0,
2209,74,1,1,13,4,92.0,54.0,
2210,28,1,1,13,5,0.0,2.0,
2211,112,1,1,14,4,52.85,52.0,
2212,135,1,1,14,5,50.35,38.0,
2213,102,1,1,14,5,,2.0,
2214,7,1,1,14,22,68.0,46.0,
2215,111,1,1,14,22,63.3,45.0,
2216,160,1,1,14,5,0.0,5.0,
2217,62,1,1,14,22,88.35,48.0,
2218,57,1,1,14,22,62.0,47.0,
2219,33,1,1,14,22,93.65,49.0,
2220,154,1,1,14,5,,1.0,
2221,148,1,1,14,5,55.8,24.0,
2222,147,1,1,14,5,12.75,25.0,
2223,41,1,1,14,5,46.0,15.0,
2224,49,1,1,14,5,64.5,26.0,
2225,110,1,1,14,5,58.5,22.0,
2226,5,1,1,14,1,93.05,86.0,
2227,106,1,1,14,5,32.8,33.0,
2228,83,1,1,14,5,45.3,30.0,
2229,15,1,1,14,4,81.1,59.0,
2230,23,1,1,14,1,74.0,83.0,
2231,87,1,1,14,7,56.0,41.0,
2232,78,1,1,14,5,73.3,39.0,
2233,77,1,1,14,4,89.35,50.0,
2234,155,1,1,14,5,,0.0,
2235,17,1,1,14,5,,5.0,
2236,8,1,1,14,22,71.05,46.0,
2237,152,1,1,14,5,38.0,11.0,
2238,38,1,1,14,22,79.65,45.0,
2239,142,1,1,14,2,95.9,71.0,
2240,121,1,1,14,5,31.75,25.0,
2241,136,1,1,14,4,83.85,56.0,
2242,151,1,1,14,5,,10.0,
2243,100,1,1,14,5,0.0,10.0,
2244,164,1,1,14,5,,0.0,
2245,43,1,1,14,7,85.95,43.0,
2246,137,1,1,14,5,50.35,37.0,
2247,128,1,1,14,5,68.7,30.0,
2248,40,1,1,14,5,19.0,34.0,
2249,93,1,1,14,5,23.0,33.0,
2250,25,1,1,14,7,46.2,40.0,
2251,169,1,1,14,5,0.0,0.0,
2252,52,1,1,14,3,68.0,62.0,
2253,95,1,1,14,9,0.0,,
2254,56,1,1,14,3,84.0,60.0,
2255,89,1,1,14,5,38.0,9.0,
2256,91,1,1,14,2,84.95,72.0,
2257,26,1,1,14,5,,18.0,
2258,75,1,1,14,4,41.0,55.0,
2259,53,1,1,14,5,19.7,37.0,
2260,156,1,1,14,7,82.7,42.0,
2261,145,1,1,14,5,,17.0,
2262,153,1,1,14,5,60.4,26.0,
2263,127,1,1,14,5,0.0,23.0,
2264,55,1,1,14,5,44.0,22.0,
2265,63,1,1,14,22,65.5,46.0,
2266,80,1,1,14,3,79.3,67.0,
2267,48,1,1,14,22,51.43,48.0,
2268,166,1,1,14,5,,0.0,
2269,103,1,1,14,2,93.0,74.0,
2270,149,1,1,14,3,62.75,60.0,
2271,146,1,1,14,5,55.5,22.0,
2272,122,1,1,14,3,78.73,64.0,
2273,90,1,1,14,2,82.55,73.0,
2274,105,1,1,14,5,65.65,36.0,
2275,11,1,1,14,5,,33.0,
2276,73,1,1,14,5,,11.0,
2277,34,1,1,14,7,83.0,44.0,
2278,131,1,1,14,1,76.35,82.0,
2279,18,1,1,14,5,0.0,0.0,
2280,39,1,1,14,2,61.57,70.0,
2281,27,1,1,14,5,46.45,24.0,
2282,133,1,1,14,5,28.9,10.0,
2283,67,1,1,14,2,67.7,70.0,
2284,13,1,1,14,2,88.7,76.0,
2285,114,1,1,14,3,86.0,68.0,
2286,3,1,1,14,9,,,
2287,29,1,1,14,4,56.05,59.0,
2288,97,1,1,14,7,55.7,44.0,
2289,60,1,1,14,3,84.15,65.0,
2290,82,1,1,14,2,88.7,73.0,
2291,167,1,1,14,5,,0.0,
2292,68,1,1,14,7,41.65,44.0,
2293,58,1,1,14,5,53.75,20.0,
2294,126,1,1,14,4,54.0,53.0,
2295,6,1,1,14,9,60.45,,
2296,20,1,1,14,5,65.0,34.0,
2297,85,1,1,14,5,0.0,21.0,
2298,54,1,1,14,7,76.45,41.0,
2299,108,1,1,14,4,76.0,57.0,
2300,143,1,1,14,5,,13.0,
2301,30,1,1,14,5,5.5,17.0,
2302,170,1,1,14,5,,0.0,
2303,19,1,1,14,1,93.15,83.0,
2304,71,1,1,14,5,66.0,30.0,
2305,119,1,1,14,4,77.5,50.0,
2306,42,1,1,14,3,60.0,62.0,
2307,117,1,1,14,1,91.5,82.0,
2308,76,1,1,14,4,45.0,53.0,
2309,24,1,1,14,7,75.5,40.0,
2310,72,1,1,14,3,96.3,66.0,
2311,66,1,1,14,22,72.35,46.0,
2312,124,1,1,14,2,72.1,72.0,
2313,125,1,1,14,2,73.5,75.0,
2314,81,1,1,14,5,48.8,25.0,
2315,162,1,1,14,5,0.0,7.0,
2316,99,1,1,14,3,79.0,60.0,
2317,65,1,1,14,4,88.4,58.0,
2318,163,1,1,14,5,,11.0,
2319,107,1,1,14,4,77.0,53.0,
2320,134,1,1,14,5,62.0,27.0,
2321,2,1,1,14,7,44.8,41.0,
2322,139,1,1,14,5,65.0,33.0,
2323,123,1,1,14,5,63.0,18.0,
2324,36,1,1,14,4,64.5,56.0,
2325,118,1,1,14,3,94.65,64.0,
2326,70,1,1,14,1,88.28,85.0,
2327,144,1,1,14,4,87.0,58.0,
2328,104,1,1,14,2,94.0,72.0,
2329,159,1,1,14,5,,5.0,
2330,10,1,1,14,5,84.7,32.0,
2331,50,1,1,14,3,51.3,60.0,
2332,101,1,1,14,5,67.0,38.0,
2333,84,1,1,14,4,70.2,52.0,
2334,9,1,1,14,2,52.28,75.0,
2335,22,1,1,14,1,88.13,83.0,
2336,109,1,1,14,3,85.0,66.0,
2337,141,1,1,14,22,43.78,48.0,
2338,88,1,1,14,3,86.5,62.0,
2339,116,1,1,14,5,73.45,23.0,
2340,150,1,1,14,3,95.3,69.0,
2341,32,1,1,14,2,59.4,75.0,
2342,161,1,1,14,5,,3.0,
2343,35,1,1,14,22,70.35,48.0,
2344,94,1,1,14,4,17.0,51.0,
2345,113,1,1,14,5,62.0,24.0,
2346,96,1,1,14,5,1.2,25.0,
2347,47,1,1,14,7,75.85,43.0,
2348,44,1,1,14,3,67.9,60.0,
2349,98,1,1,14,5,73.1,28.0,
2350,21,1,1,14,4,62.3,50.0,
2351,51,1,1,14,1,97.9,82.0,
2352,86,1,1,14,5,68.1,30.0,
2353,45,1,1,14,2,79.15,71.0,
2354,158,1,1,14,5,,3.0,
2355,130,1,1,14,5,57.4,25.0,
2356,157,1,1,14,5,,5.0,
2357,37,1,1,14,4,81.4,54.0,
2358,69,1,1,14,4,47.21,58.0,
2359,92,1,1,14,7,72.5,40.0,
2360,120,1,1,14,3,83.05,61.0,
2361,165,1,1,14,5,,3.0,
2362,132,1,1,14,3,95.55,63.0,
2363,12,1,1,14,2,87.0,75.0,
2364,115,1,1,14,4,65.0,58.0,
2365,79,1,1,14,3,63.0,63.0,
2366,138,1,1,14,7,88.5,42.0,
2367,46,1,1,14,22,69.65,46.0,
2368,16,1,1,14,4,20.25,51.0,
2369,64,1,1,14,5,65.65,23.0,
2370,168,1,1,14,5,,2.0,
2371,4,1,1,14,22,61.9,49.0,
2372,14,1,1,14,4,,50.0,
2373,31,1,1,14,2,65.8,72.0,
2374,140,1,1,14,5,,0.0,
2375,171,1,1,14,5,0.0,0.0,
2376,59,1,1,14,5,36.05,19.0,
2377,61,1,1,14,1,80.0,83.0,
2378,129,1,1,14,5,30.0,24.0,
2379,74,1,1,14,4,50.0,54.0,
2380,28,1,1,14,5,,2.0,
2381,112,1,1,15,4,52.85,52.0,
2382,135,1,1,15,5,50.35,38.0,
2383,102,1,1,15,5,0.0,2.0,
2384,7,1,1,15,22,68.0,46.0,
2385,111,1,1,15,22,63.3,45.0,
2386,160,1,1,15,5,0.0,5.0,
2387,62,1,1,15,22,88.35,48.0,
2388,57,1,1,15,22,62.0,47.0,
2389,33,1,1,15,22,91.3,49.0,
2390,154,1,1,15,5,0.0,1.0,
2391,148,1,1,15,5,55.8,24.0,
2392,147,1,1,15,5,12.75,25.0,
2393,41,1,1,15,5,46.0,15.0,
2394,49,1,1,15,5,64.5,26.0,
2395,110,1,1,15,5,58.5,22.0,
2396,5,1,1,15,1,93.05,86.0,
2397,106,1,1,15,5,32.8,33.0,
2398,83,1,1,15,5,45.3,30.0,
2399,15,1,1,15,4,81.1,59.0,
2400,23,1,1,15,1,74.0,83.0,
2401,87,1,1,15,7,56.0,41.0,
2402,78,1,1,15,5,73.3,39.0,
2403,77,1,1,15,4,89.35,50.0,
2404,155,1,1,15,5,0.0,0.0,
2405,17,1,1,15,5,0.0,5.0,
2406,8,1,1,15,22,71.05,46.0,
2407,152,1,1,15,5,38.0,11.0,
2408,38,1,1,15,22,79.65,45.0,
2409,142,1,1,15,2,95.9,71.0,
2410,121,1,1,15,5,31.75,25.0,
2411,136,1,1,15,4,83.85,56.0,
2412,151,1,1,15,5,0.0,10.0,
2413,100,1,1,15,5,0.0,10.0,
2414,164,1,1,15,5,0.0,0.0,
2415,43,1,1,15,7,85.95,43.0,
2416,137,1,1,15,5,50.35,37.0,
2417,128,1,1,15,5,68.7,30.0,
2418,40,1,1,15,5,19.0,34.0,
2419,93,1,1,15,5,23.0,33.0,
2420,25,1,1,15,7,46.2,40.0,
2421,169,1,1,15,5,0.0,0.0,
2422,52,1,1,15,3,68.0,62.0,
2423,95,1,1,15,9,0.0,,
2424,56,1,1,15,3,84.0,60.0,
2425,89,1,1,15,5,38.0,9.0,
2426,91,1,1,15,2,84.95,72.0,
2427,26,1,1,15,5,0.0,18.0,
2428,75,1,1,15,4,41.0,55.0,
2429,53,1,1,15,5,19.7,37.0,
2430,156,1,1,15,7,82.7,42.0,
2431,145,1,1,15,5,0.0,17.0,
2432,153,1,1,15,5,60.4,26.0,
2433,127,1,1,15,5,0.0,23.0,
2434,55,1,1,15,5,44.0,22.0,
2435,63,1,1,15,22,65.5,46.0,
2436,80,1,1,15,3,79.3,67.0,
2437,48,1,1,15,22,51.43,48.0,
2438,166,1,1,15,5,0.0,0.0,
2439,103,1,1,15,2,93.0,74.0,
2440,149,1,1,15,3,62.75,60.0,
2441,146,1,1,15,5,55.5,22.0,
2442,122,1,1,15,3,78.73,64.0,
2443,90,1,1,15,2,82.55,73.0,
2444,105,1,1,15,5,65.65,36.0,
2445,11,1,1,15,5,0.0,33.0,
2446,73,1,1,15,5,0.0,11.0,
2447,34,1,1,15,7,83.0,44.0,
2448,131,1,1,15,1,76.35,82.0,
2449,18,1,1,15,5,0.0,0.0,
2450,39,1,1,15,2,61.57,70.0,
2451,27,1,1,15,5,46.45,24.0,
2452,133,1,1,15,5,28.9,10.0,
2453,67,1,1,15,2,67.7,70.0,
2454,13,1,1,15,2,88.7,76.0,
2455,114,1,1,15,3,86.0,68.0,
2456,3,1,1,15,9,0.0,,
2457,29,1,1,15,4,56.05,59.0,
2458,97,1,1,15,7,55.7,44.0,
2459,60,1,1,15,3,84.15,65.0,
2460,82,1,1,15,2,88.7,73.0,
2461,167,1,1,15,5,0.0,0.0,
2462,68,1,1,15,7,41.65,44.0,
2463,58,1,1,15,5,53.75,20.0,
2464,126,1,1,15,4,54.0,53.0,
2465,6,1,1,15,9,60.45,,
2466,20,1,1,15,5,65.0,34.0,
2467,85,1,1,15,5,0.0,21.0,
2468,54,1,1,15,7,76.45,41.0,
2469,108,1,1,15,4,76.0,57.0,
2470,143,1,1,15,5,0.0,13.0,
2471,30,1,1,15,5,5.5,17.0,
2472,170,1,1,15,5,0.0,0.0,
2473,19,1,1,15,1,93.15,83.0,
2474,71,1,1,15,5,66.0,30.0,
2475,119,1,1,15,4,77.5,50.0,
2476,42,1,1,15,3,60.0,62.0,
2477,117,1,1,15,1,91.5,82.0,
2478,76,1,1,15,4,45.0,53.0,
2479,24,1,1,15,7,75.5,40.0,
2480,72,1,1,15,3,96.3,66.0,
2481,66,1,1,15,22,72.35,46.0,
2482,124,1,1,15,2,72.1,72.0,
2483,125,1,1,15,2,73.5,75.0,
2484,81,1,1,15,5,48.8,25.0,
2485,162,1,1,15,5,0.0,7.0,
2486,99,1,1,15,3,79.0,60.0,
2487,65,1,1,15,4,88.4,58.0,
2488,163,1,1,15,5,0.0,11.0,
2489,107,1,1,15,4,77.0,53.0,
2490,134,1,1,15,5,62.0,27.0,
2491,2,1,1,15,7,44.8,41.0,
2492,139,1,1,15,5,65.0,33.0,
2493,123,1,1,15,5,63.0,18.0,
2494,36,1,1,15,4,64.5,56.0,
2495,118,1,1,15,3,94.65,64.0,
2496,70,1,1,15,1,88.28,85.0,
2497,144,1,1,15,4,87.0,58.0,
2498,104,1,1,15,2,94.0,72.0,
2499,159,1,1,15,5,0.0,5.0,
2500,10,1,1,15,5,84.7,32.0,
2501,50,1,1,15,3,51.3,60.0,
2502,101,1,1,15,5,67.0,38.0,
2503,84,1,1,15,4,70.2,52.0,
2504,9,1,1,15,2,52.28,75.0,
2505,22,1,1,15,1,88.13,83.0,
2506,109,1,1,15,3,85.0,66.0,
2507,141,1,1,15,22,43.78,48.0,
2508,88,1,1,15,3,86.5,62.0,
2509,116,1,1,15,5,73.45,23.0,
2510,150,1,1,15,3,95.3,69.0,
2511,32,1,1,15,2,59.4,75.0,
2512,161,1,1,15,5,0.0,3.0,
2513,35,1,1,15,22,70.35,48.0,
2514,94,1,1,15,4,17.0,51.0,
2515,113,1,1,15,5,62.0,24.0,
2516,96,1,1,15,5,1.2,25.0,
2517,47,1,1,15,7,75.85,43.0,
2518,44,1,1,15,3,67.9,60.0,
2519,98,1,1,15,5,73.1,28.0,
2520,21,1,1,15,4,62.3,50.0,
2521,51,1,1,15,1,97.9,82.0,
2522,86,1,1,15,5,68.1,30.0,
2523,45,1,1,15,2,79.15,71.0,
2524,158,1,1,15,5,0.0,3.0,
2525,130,1,1,15,5,57.4,25.0,
2526,157,1,1,15,5,0.0,5.0,
2527,37,1,1,15,4,81.4,54.0,
2528,69,1,1,15,4,47.21,58.0,
2529,92,1,1,15,7,72.5,40.0,
2530,120,1,1,15,3,83.05,61.0,
2531,165,1,1,15,5,0.0,3.0,
2532,132,1,1,15,3,95.55,63.0,
2533,12,1,1,15,2,87.0,75.0,
2534,115,1,1,15,4,65.0,58.0,
2535,79,1,1,15,3,63.0,63.0,
2536,138,1,1,15,7,88.5,42.0,
2537,46,1,1,15,22,69.65,46.0,
2538,16,1,1,15,4,20.25,51.0,
2539,64,1,1,15,5,65.65,23.0,
2540,168,1,1,15,5,0.0,2.0,
2541,4,1,1,15,22,61.9,49.0,
2542,14,1,1,15,4,0.0,50.0,
2543,31,1,1,15,2,65.8,72.0,
2544,140,1,1,15,5,0.0,0.0,
2545,171,1,1,15,5,0.0,0.0,
2546,59,1,1,15,5,36.05,19.0,
2547,61,1,1,15,1,80.0,83.0,
2548,129,1,1,15,5,30.0,24.0,
2549,74,1,1,15,4,50.0,54.0,
2550,28,1,1,15,5,0.0,2.0,
2551,112,1,1,16,4,43.0,52.0,
2552,135,1,1,16,5,14.5,38.0,
2553,102,1,1,16,5,0.0,2.0,
2554,7,1,1,16,22,36.25,46.0,
2555,111,1,1,16,22,21.0,45.0,
2556,160,1,1,16,5,,5.0,
2557,62,1,1,16,22,18.0,48.0,
2558,57,1,1,16,22,54.5,47.0,
2559,33,1,1,16,22,10.0,49.0,
2560,154,1,1,16,5,,1.0,
2561,148,1,1,16,5,6.0,24.0,
2562,147,1,1,16,5,11.0,25.0,
2563,41,1,1,16,5,0.0,15.0,
2564,49,1,1,16,5,2.0,26.0,
2565,110,1,1,16,5,0.0,22.0,
2566,5,1,1,16,1,83.0,86.0,
2567,106,1,1,16,5,23.75,33.0,
2568,83,1,1,16,5,1.0,30.0,
2569,15,1,1,16,4,33.0,59.0,
2570,23,1,1,16,1,88.0,83.0,
2571,87,1,1,16,7,29.0,41.0,
2572,78,1,1,16,5,3.5,39.0,
2573,77,1,1,16,4,39.25,50.0,
2574,155,1,1,16,5,,0.0,
2575,17,1,1,16,5,0.5,5.0,
2576,8,1,1,16,22,25.0,46.0,
2577,152,1,1,16,5,0.0,11.0,
2578,38,1,1,16,22,16.0,45.0,
2579,142,1,1,16,2,54.5,71.0,
2580,121,1,1,16,5,17.5,25.0,
2581,136,1,1,16,4,38.5,56.0,
2582,151,1,1,16,5,,10.0,
2583,100,1,1,16,5,,10.0,
2584,164,1,1,16,5,,0.0,
2585,43,1,1,16,7,8.5,43.0,
2586,137,1,1,16,5,8.5,37.0,
2587,128,1,1,16,5,,30.0,
2588,40,1,1,16,5,24.0,34.0,
2589,93,1,1,16,5,39.0,33.0,
2590,25,1,1,16,7,12.5,40.0,
2591,169,1,1,16,5,,0.0,
2592,52,1,1,16,3,56.0,62.0,
2593,95,1,1,16,9,,,
2594,56,1,1,16,3,39.0,60.0,
2595,89,1,1,16,5,0.0,9.0,
2596,91,1,1,16,2,58.5,72.0,
2597,26,1,1,16,5,15.5,18.0,
2598,75,1,1,16,4,49.0,55.0,
2599,53,1,1,16,5,34.0,37.0,
2600,156,1,1,16,7,,42.0,
2601,145,1,1,16,5,8.0,17.0,
2602,153,1,1,16,5,0.0,26.0,
2603,127,1,1,16,5,23.0,23.0,
2604,55,1,1,16,5,1.0,22.0,
2605,63,1,1,16,22,20.0,46.0,
2606,80,1,1,16,3,53.0,67.0,
2607,48,1,1,16,22,26.5,48.0,
2608,166,1,1,16,5,,0.0,
2609,103,1,1,16,2,63.5,74.0,
2610,149,1,1,16,3,47.25,60.0,
2611,146,1,1,16,5,0.0,22.0,
2612,122,1,1,16,3,44.25,64.0,
2613,90,1,1,16,2,61.5,73.0,
2614,105,1,1,16,5,14.5,36.0,
2615,11,1,1,16,5,16.5,33.0,
2616,73,1,1,16,5,,11.0,
2617,34,1,1,16,7,15.5,44.0,
2618,131,1,1,16,1,79.0,82.0,
2619,18,1,1,16,5,,0.0,
2620,39,1,1,16,2,67.0,70.0,
2621,27,1,1,16,5,4.0,24.0,
2622,133,1,1,16,5,1.0,10.0,
2623,67,1,1,16,2,57.0,70.0,
2624,13,1,1,16,2,56.5,76.0,
2625,114,1,1,16,3,55.0,68.0,
2626,3,1,1,16,9,,,
2627,29,1,1,16,4,54.0,59.0,
2628,97,1,1,16,7,23.5,44.0,
2629,60,1,1,16,3,40.0,65.0,
2630,82,1,1,16,2,53.5,73.0,
2631,167,1,1,16,5,,0.0,
2632,68,1,1,16,7,24.0,44.0,
2633,58,1,1,16,5,3.0,20.0,
2634,126,1,1,16,4,41.0,53.0,
2635,6,1,1,16,9,79.0,,
2636,20,1,1,16,5,26.5,34.0,
2637,85,1,1,16,5,0.0,21.0,
2638,54,1,1,16,7,14.5,41.0,
2639,108,1,1,16,4,52.0,57.0,
2640,143,1,1,16,5,4.75,13.0,
2641,30,1,1,16,5,10.5,17.0,
2642,170,1,1,16,5,,0.0,
2643,19,1,1,16,1,72.0,83.0,
2644,71,1,1,16,5,,30.0,
2645,119,1,1,16,4,30.5,50.0,
2646,42,1,1,16,3,54.0,62.0,
2647,117,1,1,16,1,78.0,82.0,
2648,76,1,1,16,4,48.75,53.0,
2649,24,1,1,16,7,17.5,40.0,
2650,72,1,1,16,3,48.0,66.0,
2651,66,1,1,16,22,17.0,46.0,
2652,124,1,1,16,2,68.5,72.0,
2653,125,1,1,16,2,70.0,75.0,
2654,81,1,1,16,5,11.0,25.0,
2655,162,1,1,16,5,,7.0,
2656,99,1,1,16,3,46.0,60.0,
2657,65,1,1,16,4,34.0,58.0,
2658,163,1,1,16,5,,11.0,
2659,107,1,1,16,4,38.0,53.0,
2660,134,1,1,16,5,5.0,27.0,
2661,2,1,1,16,7,26.5,41.0,
2662,139,1,1,16,5,14.5,33.0,
2663,123,1,1,16,5,3.0,18.0,
2664,36,1,1,16,4,43.25,56.0,
2665,118,1,1,16,3,42.75,64.0,
2666,70,1,1,16,1,75.5,85.0,
2667,144,1,1,16,4,65.25,58.0,
2668,104,1,1,16,2,52.5,72.0,
2669,159,1,1,16,5,,5.0,
2670,10,1,1,16,5,7.0,32.0,
2671,50,1,1,16,3,70.0,60.0,
2672,101,1,1,16,5,9.0,38.0,
2673,84,1,1,16,4,27.5,52.0,
2674,9,1,1,16,2,85.0,75.0,
2675,22,1,1,16,1,71.5,83.0,
2676,109,1,1,16,3,70.5,66.0,
2677,141,1,1,16,22,42.25,48.0,
2678,88,1,1,16,3,61.0,62.0,
2679,116,1,1,16,5,2.0,23.0,
2680,150,1,1,16,3,54.25,69.0,
2681,32,1,1,16,2,80.0,75.0,
2682,161,1,1,16,5,2.0,3.0,
2683,35,1,1,16,22,17.0,48.0,
2684,94,1,1,16,4,65.0,51.0,
2685,113,1,1,16,5,1.0,24.0,
2686,96,1,1,16,5,6.5,25.0,
2687,47,1,1,16,7,4.75,43.0,
2688,44,1,1,16,3,48.5,60.0,
2689,98,1,1,16,5,9.0,28.0,
2690,21,1,1,16,4,52.0,50.0,
2691,51,1,1,16,1,76.25,82.0,
2692,86,1,1,16,5,4.5,30.0,
2693,45,1,1,16,2,56.5,71.0,
2694,158,1,1,16,5,,3.0,
2695,130,1,1,16,5,2.0,25.0,
2696,157,1,1,16,5,,5.0,
2697,37,1,1,16,4,32.25,54.0,
2698,69,1,1,16,4,52.0,58.0,
2699,92,1,1,16,7,17.0,40.0,
2700,120,1,1,16,3,42.5,61.0,
2701,165,1,1,16,5,,3.0,
2702,132,1,1,16,3,43.5,63.0,
2703,12,1,1,16,2,71.0,75.0,
2704,115,1,1,16,4,48.5,58.0,
2705,79,1,1,16,3,61.5,63.0,
2706,138,1,1,16,7,11.5,42.0,
2707,46,1,1,16,22,22.0,46.0,
2708,16,1,1,16,4,48.0,51.0,
2709,64,1,1,16,5,0.0,23.0,
2710,168,1,1,16,5,,2.0,
2711,4,1,1,16,22,22.75,49.0,
2712,14,1,1,16,4,46.5,50.0,
2713,31,1,1,16,2,61.5,72.0,
2714,140,1,1,16,5,,0.0,
2715,171,1,1,16,5,,0.0,
2716,59,1,1,16,5,,19.0,
2717,61,1,1,16,1,78.0,83.0,
2718,129,1,1,16,5,4.25,24.0,
2719,74,1,1,16,4,37.25,54.0,
2720,28,1,1,16,5,0.0,2.0,
2721,112,1,1,17,4,52.17,52.0,
2722,135,1,1,17,5,37.82,38.0,
2723,102,1,1,17,5,1.7,2.0,
2724,7,1,1,17,22,45.825,46.0,
2725,111,1,1,17,22,44.56,45.0,
2726,160,1,1,17,5,5,5.0,
2727,62,1,1,17,22,47.87,48.0,
2728,57,1,1,17,22,47.15,47.0,
2729,33,1,1,17,22,49.16,49.0,
2730,154,1,1,17,5,1.1,1.0,
2731,148,1,1,17,5,23.96,24.0,
2732,147,1,1,17,5,25.05,25.0,
2733,41,1,1,17,5,14.6,15.0,
2734,49,1,1,17,5,25.8,26.0,
2735,110,1,1,17,5,22,22.0,
2736,5,1,1,17,1,85.91,86.0,
2737,106,1,1,17,5,32.835,33.0,
2738,83,1,1,17,5,30.16,30.0,
2739,15,1,1,17,4,58.62,59.0,
2740,23,1,1,17,1,82.85,83.0,
2741,87,1,1,17,7,41.4,41.0,
2742,78,1,1,17,5,39.16,39.0,
2743,77,1,1,17,4,50.495,50.0,
2744,155,1,1,17,5,0,0.0,
2745,17,1,1,17,5,5.1,5.0,
2746,8,1,1,17,22,45.91,46.0,
2747,152,1,1,17,5,10.9,11.0,
2748,38,1,1,17,22,45.23,45.0,
2749,142,1,1,17,2,70.73,71.0,
2750,121,1,1,17,5,24.9,25.0,
2751,136,1,1,17,4,55.92,56.0,
2752,151,1,1,17,5,9.8,10.0,
2753,100,1,1,17,5,10.25,10.0,
2754,164,1,1,17,5,0,0.0,
2755,43,1,1,17,7,43.14,43.0,
2756,137,1,1,17,5,37.47,37.0,
2757,128,1,1,17,5,29.74,30.0,
2758,40,1,1,17,5,34.3,34.0,
2759,93,1,1,17,5,32.75,33.0,
2760,25,1,1,17,7,40.19,40.0,
2761,169,1,1,17,5,0,0.0,
2762,52,1,1,17,3,62,62.0,
2763,95,1,1,17,9,14.6,,
2764,56,1,1,17,3,60.4,60.0,
2765,89,1,1,17,5,9.4,9.0,
2766,91,1,1,17,2,72.34,72.0,
2767,26,1,1,17,5,18.35,18.0,
2768,75,1,1,17,4,54.6,55.0,
2769,53,1,1,17,5,37.09,37.0,
2770,156,1,1,17,7,42.44,42.0,
2771,145,1,1,17,5,16.7,17.0,
2772,153,1,1,17,5,26.38,26.0,
2773,127,1,1,17,5,22.6,23.0,
2774,55,1,1,17,5,21.5,22.0,
2775,63,1,1,17,22,46.3,46.0,
2776,80,1,1,17,3,67.06,67.0,
2777,48,1,1,17,22,47.736,48.0,
2778,166,1,1,17,5,0.4,0.0,
2779,103,1,1,17,2,74.05,74.0,
2780,149,1,1,17,3,60.475,60.0,
2781,146,1,1,17,5,21.5,22.0,
2782,122,1,1,17,3,63.871,64.0,
2783,90,1,1,17,2,73.26,73.0,
2784,105,1,1,17,5,35.78,36.0,
2785,11,1,1,17,5,33.15,33.0,
2786,73,1,1,17,5,10.6,11.0,
2787,34,1,1,17,7,44.2,44.0,
2788,131,1,1,17,1,82.17,82.0,
2789,18,1,1,17,5,0,0.0,
2790,39,1,1,17,2,70.314,70.0,
2791,27,1,1,17,5,24.49,24.0,
2792,133,1,1,17,5,10.28,10.0,
2793,67,1,1,17,2,68.84,70.0,
2794,13,1,1,17,2,75.99,76.0,
2795,114,1,1,17,3,67.55,68.0,
2796,3,1,1,17,9,16.65,,
2797,29,1,1,17,4,59.11,59.0,
2798,97,1,1,17,7,43.99,44.0,
2799,60,1,1,17,3,64.61,65.0,
2800,82,1,1,17,2,72.69,73.0,
2801,167,1,1,17,5,0,0.0,
2802,68,1,1,17,7,44.43,44.0,
2803,58,1,1,17,5,19.55,20.0,
2804,126,1,1,17,4,52.9,53.0,
2805,6,1,1,17,9,75.09,,
2806,20,1,1,17,5,33.6,34.0,
2807,85,1,1,17,5,21,21.0,
2808,54,1,1,17,7,40.54,41.0,
2809,108,1,1,17,4,56.85,57.0,
2810,143,1,1,17,5,13.275,13.0,
2811,30,1,1,17,5,17.2,17.0,
2812,170,1,1,17,5,0,0.0,
2813,19,1,1,17,1,82.83,83.0,
2814,71,1,1,17,5,29.8,30.0,
2815,119,1,1,17,4,49.55,50.0,
2816,42,1,1,17,3,62.1,62.0,
2817,117,1,1,17,1,82.3,82.0,
2818,76,1,1,17,4,53.075,53.0,
2819,24,1,1,17,7,40.35,40.0,
2820,72,1,1,17,3,65.76,66.0,
2821,66,1,1,17,22,46.37,46.0,
2822,124,1,1,17,2,72.37,72.0,
2823,125,1,1,17,2,74.9,75.0,
2824,81,1,1,17,5,25.06,25.0,
2825,162,1,1,17,5,6.5,7.0,
2826,99,1,1,17,3,59.6,60.0,
2827,65,1,1,17,4,57.86,58.0,
2828,163,1,1,17,5,11,11.0,
2829,107,1,1,17,4,53.2,53.0,
2830,134,1,1,17,5,27.3,27.0,
2831,2,1,1,17,7,41.41,41.0,
2832,139,1,1,17,5,32.55,33.0,
2833,123,1,1,17,5,18,18.0,
2834,36,1,1,17,4,56.025,56.0,
2835,118,1,1,17,3,63.805,64.0,
2836,70,1,1,17,1,84.506,85.0,
2837,144,1,1,17,4,58.225,58.0,
2838,104,1,1,17,2,72.45,72.0,
2839,159,1,1,17,5,5.1,5.0,
2840,10,1,1,17,5,32.24,32.0,
2841,50,1,1,17,3,59.66,60.0,
2842,101,1,1,17,5,37.8,38.0,
2843,84,1,1,17,4,52.29,52.0,
2844,9,1,1,17,2,75.156,75.0,
2845,22,1,1,17,1,82.876,83.0,
2846,109,1,1,17,3,66.45,66.0,
2847,141,1,1,17,22,47.931,48.0,
2848,88,1,1,17,3,62.1,62.0,
2849,116,1,1,17,5,23.49,23.0,
2850,150,1,1,17,3,68.785,69.0,
2851,32,1,1,17,2,74.88,75.0,
2852,161,1,1,17,5,3.2,3.0,
2853,35,1,1,17,22,48.15,48.0,
2854,94,1,1,17,4,50.85,51.0,
2855,113,1,1,17,5,24,24.0,
2856,96,1,1,17,5,24.89,25.0,
2857,47,1,1,17,7,43.145,43.0,
2858,44,1,1,17,3,60.03,60.0,
2859,98,1,1,17,5,28.12,28.0,
2860,21,1,1,17,4,50.11,50.0,
2861,51,1,1,17,1,82.205,82.0,
2862,86,1,1,17,5,30.07,30.0,
2863,45,1,1,17,2,71.48,71.0,
2864,158,1,1,17,5,3.3,3.0,
2865,130,1,1,17,5,24.58,25.0,
2866,157,1,1,17,5,4.5,5.0,
2867,37,1,1,17,4,54.205,54.0,
2868,69,1,1,17,4,58.342,58.0,
2869,92,1,1,17,7,39.95,40.0,
2870,120,1,1,17,3,61.46,61.0,
2871,165,1,1,17,5,3,3.0,
2872,132,1,1,17,3,63.26,63.0,
2873,12,1,1,17,2,74.9,75.0,
2874,115,1,1,17,4,57.75,58.0,
2875,79,1,1,17,3,62.5,63.0,
2876,138,1,1,17,7,42.15,42.0,
2877,46,1,1,17,22,46.13,46.0,
2878,16,1,1,17,4,51.05,51.0,
2879,64,1,1,17,5,23.23,23.0,
2880,168,1,1,17,5,1.7,2.0,
2881,4,1,1,17,22,49.055,49.0,
2882,14,1,1,17,4,49.55,50.0,
2883,31,1,1,17,2,72.15,72.0,
2884,140,1,1,17,5,0.4,0.0,
2885,171,1,1,17,5,0,0.0,
2886,59,1,1,17,5,18.51,19.0,
2887,61,1,1,17,1,82.7,83.0,
2888,129,1,1,17,5,24.125,24.0,
2889,74,1,1,17,4,53.525,54.0,
2890,28,1,1,17,5,1.9,2.0,
2891,112,1,1,18,4,52,52.0,
2892,135,1,1,18,5,38,38.0,
2893,102,1,1,18,5,2,2.0,
2894,7,1,1,18,22,46,46.0,
2895,111,1,1,18,22,45,45.0,
2896,160,1,1,18,5,5,5.0,
2897,62,1,1,18,22,48,48.0,
2898,57,1,1,18,22,47,47.0,
2899,33,1,1,18,22,49,49.0,
2900,154,1,1,18,5,1,1.0,
2901,148,1,1,18,5,24,24.0,
2902,147,1,1,18,5,25,25.0,
2903,41,1,1,18,5,15,15.0,
2904,49,1,1,18,5,26,26.0,
2905,110,1,1,18,5,22,22.0,
2906,5,1,1,18,1,86,86.0,
2907,106,1,1,18,5,33,33.0,
2908,83,1,1,18,5,30,30.0,
2909,15,1,1,18,4,59,59.0,
2910,23,1,1,18,1,83,83.0,
2911,87,1,1,18,7,41,41.0,
2912,78,1,1,18,5,39,39.0,
2913,77,1,1,18,4,50,50.0,
2914,155,1,1,18,5,0,0.0,
2915,17,1,1,18,5,5,5.0,
2916,8,1,1,18,22,46,46.0,
2917,152,1,1,18,5,11,11.0,
2918,38,1,1,18,22,45,45.0,
2919,142,1,1,18,2,71,71.0,
2920,121,1,1,18,5,25,25.0,
2921,136,1,1,18,4,56,56.0,
2922,151,1,1,18,5,10,10.0,
2923,100,1,1,18,5,10,10.0,
2924,164,1,1,18,5,0,0.0,
2925,43,1,1,18,7,43,43.0,
2926,137,1,1,18,5,37,37.0,
2927,128,1,1,18,5,30,30.0,
2928,40,1,1,18,5,34,34.0,
2929,93,1,1,18,5,33,33.0,
2930,25,1,1,18,7,40,40.0,
2931,169,1,1,18,5,0,0.0,
2932,52,1,1,18,3,62,62.0,
2933,95,1,1,18,9,15,,
2934,56,1,1,18,3,60,60.0,
2935,89,1,1,18,5,9,9.0,
2936,91,1,1,18,2,72,72.0,
2937,26,1,1,18,5,18,18.0,
2938,75,1,1,18,4,55,55.0,
2939,53,1,1,18,5,37,37.0,
2940,156,1,1,18,7,42,42.0,
2941,145,1,1,18,5,17,17.0,
2942,153,1,1,18,5,26,26.0,
2943,127,1,1,18,5,23,23.0,
2944,55,1,1,18,5,22,22.0,
2945,63,1,1,18,22,46,46.0,
2946,80,1,1,18,3,67,67.0,
2947,48,1,1,18,22,48,48.0,
2948,166,1,1,18,5,0,0.0,
2949,103,1,1,18,2,74,74.0,
2950,149,1,1,18,3,60,60.0,
2951,146,1,1,18,5,22,22.0,
2952,122,1,1,18,3,64,64.0,
2953,90,1,1,18,2,73,73.0,
2954,105,1,1,18,5,36,36.0,
2955,11,1,1,18,5,33,33.0,
2956,73,1,1,18,5,11,11.0,
2957,34,1,1,18,7,44,44.0,
2958,131,1,1,18,1,82,82.0,
2959,18,1,1,18,5,0,0.0,
2960,39,1,1,18,2,70,70.0,
2961,27,1,1,18,5,24,24.0,
2962,133,1,1,18,5,10,10.0,
2963,67,1,1,18,2,69,70.0,
2964,13,1,1,18,2,76,76.0,
2965,114,1,1,18,3,68,68.0,
2966,3,1,1,18,9,17,,
2967,29,1,1,18,4,59,59.0,
2968,97,1,1,18,7,44,44.0,
2969,60,1,1,18,3,65,65.0,
2970,82,1,1,18,2,73,73.0,
2971,167,1,1,18,5,0,0.0,
2972,68,1,1,18,7,44,44.0,
2973,58,1,1,18,5,20,20.0,
2974,126,1,1,18,4,53,53.0,
2975,6,1,1,18,9,75,,
2976,20,1,1,18,5,34,34.0,
2977,85,1,1,18,5,21,21.0,
2978,54,1,1,18,7,41,41.0,
2979,108,1,1,18,4,57,57.0,
2980,143,1,1,18,5,13,13.0,
2981,30,1,1,18,5,17,17.0,
2982,170,1,1,18,5,0,0.0,
2983,19,1,1,18,1,83,83.0,
2984,71,1,1,18,5,30,30.0,
2985,119,1,1,18,4,50,50.0,
2986,42,1,1,18,3,62,62.0,
2987,117,1,1,18,1,82,82.0,
2988,76,1,1,18,4,53,53.0,
2989,24,1,1,18,7,40,40.0,
2990,72,1,1,18,3,66,66.0,
2991,66,1,1,18,22,46,46.0,
2992,124,1,1,18,2,72,72.0,
2993,125,1,1,18,2,75,75.0,
2994,81,1,1,18,5,25,25.0,
2995,162,1,1,18,5,7,7.0,
2996,99,1,1,18,3,60,60.0,
2997,65,1,1,18,4,58,58.0,
2998,163,1,1,18,5,11,11.0,
2999,107,1,1,18,4,53,53.0,
3000,134,1,1,18,5,27,27.0,
3001,2,1,1,18,7,41,41.0,
3002,139,1,1,18,5,33,33.0,
3003,123,1,1,18,5,18,18.0,
3004,36,1,1,18,4,56,56.0,
3005,118,1,1,18,3,64,64.0,
3006,70,1,1,18,1,85,85.0,
3007,144,1,1,18,4,58,58.0,
3008,104,1,1,18,2,72,72.0,
3009,159,1,1,18,5,5,5.0,
3010,10,1,1,18,5,32,32.0,
3011,50,1,1,18,3,60,60.0,
3012,101,1,1,18,5,38,38.0,
3013,84,1,1,18,4,52,52.0,
3014,9,1,1,18,2,75,75.0,
3015,22,1,1,18,1,83,83.0,
3016,109,1,1,18,3,66,66.0,
3017,141,1,1,18,22,48,48.0,
3018,88,1,1,18,3,62,62.0,
3019,116,1,1,18,5,23,23.0,
3020,150,1,1,18,3,69,69.0,
3021,32,1,1,18,2,75,75.0,
3022,161,1,1,18,5,3,3.0,
3023,35,1,1,18,22,48,48.0,
3024,94,1,1,18,4,51,51.0,
3025,113,1,1,18,5,24,24.0,
3026,96,1,1,18,5,25,25.0,
3027,47,1,1,18,7,43,43.0,
3028,44,1,1,18,3,60,60.0,
3029,98,1,1,18,5,28,28.0,
3030,21,1,1,18,4,50,50.0,
3031,51,1,1,18,1,82,82.0,
3032,86,1,1,18,5,30,30.0,
3033,45,1,1,18,2,71,71.0,
3034,158,1,1,18,5,3,3.0,
3035,130,1,1,18,5,25,25.0,
3036,157,1,1,18,5,5,5.0,
3037,37,1,1,18,4,54,54.0,
3038,69,1,1,18,4,58,58.0,
3039,92,1,1,18,7,40,40.0,
3040,120,1,1,18,3,61,61.0,
3041,165,1,1,18,5,3,3.0,
3042,132,1,1,18,3,63,63.0,
3043,12,1,1,18,2,75,75.0,
3044,115,1,1,18,4,58,58.0,
3045,79,1,1,18,3,63,63.0,
3046,138,1,1,18,7,42,42.0,
3047,46,1,1,18,22,46,46.0,
3048,16,1,1,18,4,51,51.0,
3049,64,1,1,18,5,23,23.0,
3050,168,1,1,18,5,2,2.0,
3051,4,1,1,18,22,49,49.0,
3052,14,1,1,18,4,50,50.0,
3053,31,1,1,18,2,72,72.0,
3054,140,1,1,18,5,0,0.0,
3055,171,1,1,18,5,0,0.0,
3056,59,1,1,18,5,19,19.0,
3057,61,1,1,18,1,83,83.0,
3058,129,1,1,18,5,24,24.0,
3059,74,1,1,18,4,54,54.0,
3060,28,1,1,18,5,2,2.0,
1,173,3,2,19,19,0.0,0.0,Moodle
10,174,3,2,19,19,100.0,100.0,Moodle
9,173,3,2,20,19,0.0,0.0,Moodle
12,174,3,2,20,19,0.0,0.0,Moodle
