student_key,course_key,snapshot_date,academic_period_key,total_events,active_days,unique_materials,after_hours_events,weekend_events,avg_events_per_active_day,events_per_week,weekend_ratio,after_hours_ratio,lecture_material_views,assignment_views,course_page_views,forum_views,quiz_views,top_material_type,no_activity_flag,risk_label
2,1,2026-07-07,2,549,53,38,256,114,10.358490566037736,72.50943396226415,0.20765027322404372,0.4663023679417122,145,184,192,15,0,Course Page,0,1
4,1,2026-07-07,2,183,33,21,72,20,5.545454545454546,38.81818181818182,0.1092896174863388,0.39344262295081966,54,45,68,6,0,Course Page,0,1
5,1,2026-07-07,2,356,55,25,169,50,6.472727272727273,45.30909090909091,0.1404494382022472,0.4747191011235955,61,130,165,0,0,Course Page,0,0
7,1,2026-07-07,2,1292,123,34,121,405,10.504065040650406,73.52845528455283,0.31346749226006193,0.0936532507739938,379,194,695,16,0,Course Page,0,1
8,1,2026-07-07,2,301,48,19,244,87,6.270833333333333,43.895833333333336,0.28903654485049834,0.8106312292358804,63,72,151,0,0,Course Page,0,1
9,1,2026-07-07,2,365,47,22,125,25,7.76595744680851,54.361702127659576,0.0684931506849315,0.3424657534246575,58,160,144,1,0,Assignment,0,0
10,1,2026-07-07,2,158,23,14,87,24,6.869565217391305,48.08695652173913,0.1518987341772152,0.5506329113924051,14,48,90,3,0,Course Page,0,1
11,1,2026-07-07,2,229,35,17,92,55,6.542857142857143,45.8,0.24017467248908297,0.4017467248908297,9,68,146,2,0,Course Page,0,1
12,1,2026-07-07,2,1221,84,41,307,252,14.535714285714286,101.75,0.20638820638820637,0.25143325143325146,260,268,630,30,0,Course Page,0,0
13,1,2026-07-07,2,187,38,21,80,27,4.921052631578948,34.44736842105263,0.1443850267379679,0.42780748663101603,37,41,67,36,0,Course Page,0,0
14,1,2026-07-07,2,141,28,18,20,16,5.035714285714286,35.25,0.11347517730496454,0.14184397163120568,34,39,39,27,0,Assignment,0,0
15,1,2026-07-07,2,1194,97,48,851,231,12.309278350515465,86.16494845360825,0.1934673366834171,0.7127303182579564,41,658,477,12,0,Assignment,0,0
16,1,2026-07-07,2,733,68,26,439,250,10.779411764705882,75.45588235294119,0.34106412005457026,0.5989085948158254,200,137,384,1,0,Course Page,0,0
17,1,2026-07-07,2,43,8,9,15,13,5.375,37.625,0.3023255813953488,0.3488372093023256,7,17,19,0,0,Course Page,0,1
18,1,2026-07-07,2,49,5,9,2,48,9.8,68.6,0.9795918367346939,0.04081632653061224,0,8,41,0,0,Course Page,0,1
19,1,2026-07-07,2,535,71,32,216,111,7.535211267605634,52.74647887323944,0.20747663551401868,0.40373831775700936,169,76,247,20,0,Course Page,0,0
20,1,2026-07-07,2,161,22,32,67,57,7.318181818181818,51.22727272727273,0.35403726708074534,0.4161490683229814,50,40,55,1,0,Course Page,0,1
21,1,2026-07-07,2,268,41,39,101,55,6.536585365853658,45.75609756097561,0.20522388059701493,0.376865671641791,72,87,85,9,0,Assignment,0,0
22,1,2026-07-07,2,1203,111,35,221,239,10.837837837837839,75.86486486486486,0.19866999168744803,0.18370739817123857,115,292,765,7,0,Course Page,0,0
23,1,2026-07-07,2,402,58,25,119,59,6.931034482758621,48.51724137931034,0.14676616915422885,0.2960199004975124,167,50,165,11,0,Lecture Material,0,0
24,1,2026-07-07,2,248,30,18,85,9,8.266666666666667,57.86666666666667,0.036290322580645164,0.34274193548387094,57,41,129,21,0,Course Page,0,1
25,1,2026-07-07,2,382,49,30,148,43,7.795918367346939,54.57142857142857,0.112565445026178,0.387434554973822,92,101,182,2,0,Course Page,0,1
26,1,2026-07-07,2,415,47,36,205,80,8.829787234042554,61.80851063829787,0.1927710843373494,0.4939759036144578,140,81,131,38,0,Lecture Material,0,1
27,1,2026-07-07,2,266,37,16,58,37,7.1891891891891895,50.32432432432432,0.13909774436090225,0.21804511278195488,75,62,128,0,0,Course Page,0,1
28,1,2026-07-07,2,7,3,4,3,0,2.3333333333333335,16.333333333333336,0.0,0.42857142857142855,0,3,4,0,0,Course Page,0,1
29,1,2026-07-07,2,379,49,36,83,71,7.73469387755102,54.142857142857146,0.18733509234828497,0.21899736147757257,70,131,147,19,0,Course Page,0,0
30,1,2026-07-07,2,111,26,17,40,35,4.269230769230769,29.884615384615383,0.3153153153153153,0.36036036036036034,14,41,49,3,0,Course Page,0,1
31,1,2026-07-07,2,362,46,36,114,38,7.869565217391305,55.08695652173913,0.10497237569060773,0.3149171270718232,89,117,130,11,0,Course Page,0,0
32,1,2026-07-07,2,450,59,49,32,54,7.627118644067797,53.389830508474574,0.12,0.07111111111111111,42,226,161,15,0,Assignment,0,0
33,1,2026-07-07,2,317,43,30,69,101,7.372093023255814,51.604651162790695,0.3186119873817035,0.21766561514195584,52,72,166,17,0,Course Page,0,1
34,1,2026-07-07,2,501,58,27,365,130,8.637931034482758,60.4655172413793,0.25948103792415167,0.7285429141716567,83,166,230,13,0,Course Page,0,1
35,1,2026-07-07,2,338,51,34,46,17,6.627450980392157,46.3921568627451,0.05029585798816568,0.13609467455621302,83,113,123,6,0,Course Page,0,1
36,1,2026-07-07,2,402,48,30,141,60,8.375,58.625,0.14925373134328357,0.35074626865671643,98,87,188,0,0,Course Page,0,0
37,1,2026-07-07,2,212,36,15,16,4,5.888888888888889,41.22222222222222,0.018867924528301886,0.07547169811320754,34,60,115,3,0,Course Page,0,0
38,1,2026-07-07,2,846,84,38,256,166,10.071428571428571,70.5,0.19621749408983452,0.30260047281323876,146,242,403,20,0,Course Page,0,1
39,1,2026-07-07,2,211,50,37,41,40,4.22,29.54,0.1895734597156398,0.1943127962085308,70,58,59,6,0,Lecture Material,0,0
40,1,2026-07-07,2,321,40,22,154,30,8.025,56.175,0.09345794392523364,0.4797507788161994,31,178,111,1,0,Assignment,0,1
41,1,2026-07-07,2,409,43,26,225,101,9.511627906976743,66.5813953488372,0.2469437652811736,0.5501222493887531,79,122,196,10,0,Course Page,0,1
42,1,2026-07-07,2,266,42,19,128,22,6.333333333333333,44.333333333333336,0.08270676691729323,0.48120300751879697,29,130,101,1,0,Assignment,0,0
43,1,2026-07-07,2,611,63,35,334,99,9.698412698412698,67.88888888888889,0.16202945990180032,0.546644844517185,109,77,402,1,0,Course Page,0,1
44,1,2026-07-07,2,367,38,25,107,75,9.657894736842104,67.60526315789474,0.20435967302452315,0.29155313351498635,86,96,174,7,0,Course Page,0,0
45,1,2026-07-07,2,478,62,55,257,73,7.709677419354839,53.967741935483865,0.15271966527196654,0.5376569037656904,67,193,193,8,0,Assignment,0,0
46,1,2026-07-07,2,265,40,21,79,64,6.625,46.375,0.24150943396226415,0.2981132075471698,66,59,118,13,0,Course Page,0,1
47,1,2026-07-07,2,330,53,25,156,115,6.226415094339623,43.58490566037736,0.3484848484848485,0.4727272727272727,19,138,163,6,0,Course Page,0,1
48,1,2026-07-07,2,384,48,32,109,98,8.0,56.0,0.2552083333333333,0.2838541666666667,121,96,160,1,0,Course Page,0,1
49,1,2026-07-07,2,439,34,29,366,158,12.911764705882353,90.38235294117648,0.35990888382687924,0.8337129840546698,143,56,192,32,0,Course Page,0,1
50,1,2026-07-07,2,254,35,40,64,8,7.257142857142857,50.8,0.031496062992125984,0.25196850393700787,83,37,75,36,0,Lecture Material,0,0
51,1,2026-07-07,2,270,57,26,125,41,4.7368421052631575,33.15789473684211,0.15185185185185185,0.46296296296296297,48,94,106,12,0,Course Page,0,0
52,1,2026-07-07,2,244,32,22,120,39,7.625,53.375,0.1598360655737705,0.4918032786885246,82,36,94,10,0,Course Page,0,0
53,1,2026-07-07,2,267,42,21,60,79,6.357142857142857,44.5,0.2958801498127341,0.2247191011235955,76,66,121,4,0,Course Page,0,1
54,1,2026-07-07,2,748,69,40,322,144,10.840579710144928,75.88405797101449,0.1925133689839572,0.4304812834224599,90,227,378,1,0,Course Page,0,1
55,1,2026-07-07,2,711,68,24,147,179,10.455882352941176,73.19117647058825,0.2517580872011252,0.20675105485232068,49,94,552,6,0,Course Page,0,1
56,1,2026-07-07,2,261,40,24,71,64,6.525,45.675,0.24521072796934865,0.2720306513409962,37,99,113,8,0,Course Page,0,0
57,1,2026-07-07,2,176,38,15,78,22,4.631578947368421,32.421052631578945,0.125,0.4431818181818182,11,45,119,0,0,Course Page,0,1
58,1,2026-07-07,2,387,46,27,135,68,8.41304347826087,58.891304347826086,0.17571059431524547,0.3488372093023256,98,46,223,11,0,Course Page,0,1
59,1,2026-07-07,2,221,28,16,77,28,7.892857142857143,55.25,0.12669683257918551,0.34841628959276016,50,48,123,0,0,Course Page,0,1
60,1,2026-07-07,2,455,69,26,180,125,6.594202898550725,46.15942028985507,0.27472527472527475,0.3956043956043956,41,177,214,15,0,Course Page,0,0
61,1,2026-07-07,2,280,49,33,118,59,5.714285714285714,40.0,0.21071428571428572,0.42142857142857143,92,64,88,14,0,Lecture Material,0,0
62,1,2026-07-07,2,220,37,27,98,71,5.945945945945946,41.62162162162162,0.32272727272727275,0.44545454545454544,43,58,105,4,0,Course Page,0,1
63,1,2026-07-07,2,347,53,30,118,41,6.547169811320755,45.83018867924528,0.11815561959654179,0.3400576368876081,45,77,204,5,0,Course Page,0,1
64,1,2026-07-07,2,551,30,27,345,60,18.366666666666667,128.56666666666666,0.1088929219600726,0.6261343012704175,72,49,410,9,0,Course Page,0,1
65,1,2026-07-07,2,408,50,33,165,38,8.16,57.12,0.09313725490196079,0.40441176470588236,54,137,180,15,0,Course Page,0,0
66,1,2026-07-07,2,213,44,23,39,47,4.840909090909091,33.88636363636364,0.22065727699530516,0.18309859154929578,72,59,74,3,0,Course Page,0,1
67,1,2026-07-07,2,193,18,42,172,40,10.722222222222221,75.05555555555554,0.20725388601036268,0.8911917098445595,39,110,34,7,0,Assignment,0,0
68,1,2026-07-07,2,503,74,30,73,85,6.797297297297297,47.58108108108108,0.16898608349900596,0.14512922465208747,80,69,342,2,0,Course Page,0,1
69,1,2026-07-07,2,151,33,21,57,12,4.575757575757576,32.03030303030303,0.07947019867549669,0.37748344370860926,25,46,78,0,0,Course Page,0,0
70,1,2026-07-07,2,463,46,23,105,76,10.065217391304348,70.45652173913044,0.16414686825053995,0.2267818574514039,95,89,268,8,0,Course Page,0,0
71,1,2026-07-07,2,91,20,14,38,25,4.55,31.849999999999998,0.27472527472527475,0.4175824175824176,4,58,24,5,0,Assignment,0,1
72,1,2026-07-07,2,452,50,30,192,33,9.04,63.279999999999994,0.07300884955752213,0.4247787610619469,79,149,207,8,0,Course Page,0,0
73,1,2026-07-07,2,252,39,35,169,48,6.461538461538462,45.23076923076923,0.19047619047619047,0.6706349206349206,26,106,99,16,0,Assignment,0,1
74,1,2026-07-07,2,327,60,17,149,59,5.45,38.15,0.18042813455657492,0.45565749235474007,52,60,209,0,0,Course Page,0,0
75,1,2026-07-07,2,494,65,23,261,106,7.6,53.199999999999996,0.2145748987854251,0.52834008097166,20,232,240,0,0,Course Page,0,0
76,1,2026-07-07,2,187,29,28,42,24,6.448275862068965,45.137931034482754,0.12834224598930483,0.22459893048128343,27,78,78,1,0,Assignment,0,0
77,1,2026-07-07,2,220,35,24,90,28,6.285714285714286,44.0,0.12727272727272726,0.4090909090909091,69,45,85,15,0,Course Page,0,0
78,1,2026-07-07,2,445,66,26,247,87,6.742424242424242,47.196969696969695,0.19550561797752808,0.5550561797752809,53,56,321,5,0,Course Page,0,1
79,1,2026-07-07,2,375,47,28,104,82,7.9787234042553195,55.851063829787236,0.21866666666666668,0.2773333333333333,111,103,145,3,0,Course Page,0,0
80,1,2026-07-07,2,333,56,21,151,116,5.946428571428571,41.625,0.3483483483483483,0.45345345345345345,52,86,193,2,0,Course Page,0,0
81,1,2026-07-07,2,511,76,37,129,125,6.723684210526316,47.065789473684205,0.2446183953033268,0.25244618395303325,172,149,152,22,0,Lecture Material,0,1
82,1,2026-07-07,2,657,66,28,253,82,9.954545454545455,69.68181818181819,0.1248097412480974,0.3850837138508371,102,236,299,7,0,Course Page,0,0
83,1,2026-07-07,2,325,50,22,92,61,6.5,45.5,0.18769230769230769,0.28307692307692306,35,69,212,7,0,Course Page,0,1
84,1,2026-07-07,2,353,46,23,160,45,7.673913043478261,53.71739130434783,0.1274787535410765,0.45325779036827196,60,58,227,3,0,Course Page,0,0
85,1,2026-07-07,2,191,35,18,87,43,5.457142857142857,38.2,0.225130890052356,0.45549738219895286,14,72,103,1,0,Course Page,0,1
86,1,2026-07-07,2,343,47,31,174,43,7.297872340425532,51.08510638297872,0.12536443148688048,0.5072886297376094,82,66,165,16,0,Course Page,0,1
87,1,2026-07-07,2,120,14,15,27,13,8.571428571428571,60.0,0.10833333333333334,0.225,12,60,45,1,0,Assignment,0,1
88,1,2026-07-07,2,109,19,11,27,28,5.7368421052631575,40.1578947368421,0.25688073394495414,0.24770642201834864,13,37,55,0,0,Course Page,0,0
89,1,2026-07-07,2,284,62,20,165,64,4.580645161290323,32.064516129032256,0.22535211267605634,0.5809859154929577,25,144,100,4,0,Assignment,0,1
90,1,2026-07-07,2,502,51,31,95,64,9.843137254901961,68.90196078431373,0.12749003984063745,0.1892430278884462,77,171,227,15,0,Course Page,0,0
91,1,2026-07-07,2,311,51,27,149,41,6.098039215686274,42.68627450980392,0.13183279742765272,0.4790996784565916,55,78,152,13,0,Course Page,0,0
92,1,2026-07-07,2,488,51,40,75,94,9.568627450980392,66.98039215686275,0.19262295081967212,0.15368852459016394,116,146,180,28,0,Course Page,0,1
93,1,2026-07-07,2,188,31,23,45,7,6.064516129032258,42.4516129032258,0.03723404255319149,0.2393617021276596,54,53,63,7,0,Course Page,0,1
94,1,2026-07-07,2,417,35,25,164,46,11.914285714285715,83.4,0.11031175059952038,0.3932853717026379,134,107,160,0,0,Course Page,0,0
96,1,2026-07-07,2,780,74,45,653,188,10.54054054054054,73.78378378378379,0.24102564102564103,0.8371794871794872,78,351,337,12,0,Assignment,0,1
97,1,2026-07-07,2,157,35,15,39,54,4.485714285714286,31.4,0.34394904458598724,0.2484076433121019,51,45,56,5,0,Course Page,0,1
98,1,2026-07-07,2,145,23,15,67,31,6.304347826086956,44.130434782608695,0.21379310344827587,0.46206896551724136,48,29,66,0,0,Course Page,0,1
99,1,2026-07-07,2,417,49,35,77,31,8.510204081632653,59.57142857142857,0.07434052757793765,0.18465227817745802,124,78,183,12,0,Course Page,0,0
100,1,2026-07-07,2,57,20,5,8,6,2.85,19.95,0.10526315789473684,0.14035087719298245,1,2,53,1,0,Course Page,0,1
101,1,2026-07-07,2,733,50,29,296,161,14.66,102.61999999999999,0.21964529331514324,0.4038199181446112,171,118,423,0,0,Course Page,0,1
102,1,2026-07-07,2,121,15,11,53,24,8.066666666666666,56.46666666666667,0.19834710743801653,0.4380165289256198,21,43,57,0,0,Course Page,0,1
103,1,2026-07-07,2,444,81,44,215,128,5.481481481481482,38.370370370370374,0.2882882882882883,0.48423423423423423,40,160,234,5,0,Course Page,0,0
104,1,2026-07-07,2,421,72,27,140,80,5.847222222222222,40.93055555555555,0.19002375296912113,0.332541567695962,119,143,101,36,0,Assignment,0,0
105,1,2026-07-07,2,211,40,21,90,30,5.275,36.925,0.14218009478672985,0.4265402843601896,35,74,95,5,0,Course Page,0,1
106,1,2026-07-07,2,638,68,42,395,140,9.382352941176471,65.6764705882353,0.219435736677116,0.6191222570532915,66,188,345,7,0,Course Page,0,1
107,1,2026-07-07,2,678,69,45,174,108,9.826086956521738,68.78260869565217,0.1592920353982301,0.25663716814159293,150,180,300,2,0,Course Page,0,0
108,1,2026-07-07,2,333,32,24,260,79,10.40625,72.84375,0.23723723723723725,0.7807807807807807,104,66,151,9,0,Course Page,0,0
109,1,2026-07-07,2,205,30,18,103,6,6.833333333333333,47.833333333333336,0.02926829268292683,0.5024390243902439,39,46,110,0,0,Course Page,0,0
110,1,2026-07-07,2,251,30,29,194,56,8.366666666666667,58.56666666666667,0.22310756972111553,0.7729083665338645,36,104,104,2,0,Assignment,0,1
111,1,2026-07-07,2,257,25,33,153,18,10.28,71.96,0.07003891050583658,0.5953307392996109,15,147,92,1,0,Assignment,0,1
112,1,2026-07-07,2,189,26,23,79,31,7.269230769230769,50.88461538461538,0.164021164021164,0.41798941798941797,20,80,77,2,0,Assignment,0,0
113,1,2026-07-07,2,502,67,29,198,77,7.492537313432836,52.44776119402985,0.15338645418326693,0.3944223107569721,54,120,293,1,0,Course Page,0,1
114,1,2026-07-07,2,157,22,22,85,4,7.136363636363637,49.95454545454545,0.025477707006369428,0.5414012738853503,15,92,46,0,0,Assignment,0,0
115,1,2026-07-07,2,455,47,27,73,70,9.680851063829786,67.76595744680851,0.15384615384615385,0.16043956043956045,106,151,195,2,0,Course Page,0,0
116,1,2026-07-07,2,127,18,13,91,43,7.055555555555555,49.388888888888886,0.33858267716535434,0.7165354330708661,11,45,62,8,0,Course Page,0,1
117,1,2026-07-07,2,105,20,21,8,9,5.25,36.75,0.08571428571428572,0.0761904761904762,26,53,23,2,0,Assignment,0,0
118,1,2026-07-07,2,803,74,31,219,117,10.85135135135135,75.95945945945947,0.14570361145703611,0.2727272727272727,143,351,295,7,0,Assignment,0,0
119,1,2026-07-07,2,165,29,21,66,9,5.689655172413793,39.82758620689655,0.05454545454545454,0.4,37,59,66,0,0,Course Page,0,0
120,1,2026-07-07,2,191,37,15,42,34,5.162162162162162,36.13513513513514,0.17801047120418848,0.2198952879581152,63,35,90,3,0,Course Page,0,0
121,1,2026-07-07,2,230,27,32,108,45,8.518518518518519,59.629629629629626,0.1956521739130435,0.46956521739130436,76,40,100,2,0,Course Page,0,1
122,1,2026-07-07,2,171,22,23,12,4,7.7727272727272725,54.409090909090914,0.023391812865497075,0.07017543859649122,38,66,59,0,0,Assignment,0,0
123,1,2026-07-07,2,134,21,26,64,13,6.380952380952381,44.666666666666664,0.09701492537313433,0.47761194029850745,46,38,44,4,0,Lecture Material,0,1
124,1,2026-07-07,2,599,89,29,211,134,6.730337078651686,47.1123595505618,0.22370617696160267,0.35225375626043404,191,65,320,22,0,Course Page,0,0
125,1,2026-07-07,2,669,89,33,185,153,7.51685393258427,52.61797752808989,0.22869955156950672,0.2765321375186846,200,107,351,8,0,Course Page,0,0
126,1,2026-07-07,2,205,29,19,22,83,7.068965517241379,49.48275862068965,0.40487804878048783,0.1073170731707317,34,88,78,2,0,Assignment,0,0
127,1,2026-07-07,2,169,28,19,91,35,6.035714285714286,42.25,0.20710059171597633,0.5384615384615384,36,50,83,0,0,Course Page,0,1
128,1,2026-07-07,2,230,44,23,71,45,5.2272727272727275,36.59090909090909,0.1956521739130435,0.30869565217391304,19,97,104,5,0,Course Page,0,1
129,1,2026-07-07,2,662,60,33,264,156,11.033333333333333,77.23333333333333,0.23564954682779457,0.3987915407854985,164,162,309,1,0,Course Page,0,1
130,1,2026-07-07,2,183,31,15,70,30,5.903225806451613,41.32258064516129,0.16393442622950818,0.3825136612021858,35,76,72,0,0,Assignment,0,1
131,1,2026-07-07,2,261,35,29,76,37,7.457142857142857,52.2,0.1417624521072797,0.29118773946360155,72,72,102,8,0,Course Page,0,0
132,1,2026-07-07,2,341,42,27,97,27,8.119047619047619,56.833333333333336,0.07917888563049853,0.2844574780058651,28,127,169,10,0,Course Page,0,0
133,1,2026-07-07,2,157,18,18,49,16,8.722222222222221,61.05555555555555,0.10191082802547771,0.31210191082802546,25,54,70,0,0,Course Page,0,1
134,1,2026-07-07,2,418,37,30,214,88,11.297297297297296,79.08108108108108,0.21052631578947367,0.5119617224880383,116,75,201,15,0,Course Page,0,1
135,1,2026-07-07,2,237,30,36,175,32,7.9,55.300000000000004,0.1350210970464135,0.7383966244725738,23,140,70,1,0,Assignment,0,1
136,1,2026-07-07,2,359,51,22,145,87,7.03921568627451,49.27450980392157,0.24233983286908078,0.403899721448468,35,159,161,2,0,Course Page,0,0
137,1,2026-07-07,2,307,28,42,114,29,10.964285714285714,76.75,0.09446254071661238,0.3713355048859935,29,188,90,0,0,Assignment,0,1
138,1,2026-07-07,2,214,24,20,92,61,8.916666666666666,62.41666666666667,0.2850467289719626,0.42990654205607476,17,99,93,1,0,Assignment,0,1
139,1,2026-07-07,2,135,22,14,72,40,6.136363636363637,42.95454545454545,0.2962962962962963,0.5333333333333333,14,54,64,0,0,Course Page,0,1
140,1,2026-07-07,2,7,5,3,1,2,1.4,9.799999999999999,0.2857142857142857,0.14285714285714285,0,2,4,1,0,Course Page,0,1
141,1,2026-07-07,2,374,51,27,119,53,7.333333333333333,51.333333333333336,0.14171122994652408,0.3181818181818182,58,100,201,9,0,Course Page,0,1
142,1,2026-07-07,2,277,47,23,39,44,5.8936170212765955,41.25531914893617,0.1588447653429603,0.1407942238267148,82,57,125,6,0,Course Page,0,0
143,1,2026-07-07,2,501,38,25,232,64,13.18421052631579,92.28947368421052,0.1277445109780439,0.4630738522954092,182,65,235,9,0,Course Page,0,1
144,1,2026-07-07,2,105,12,16,90,27,8.75,61.25,0.2571428571428571,0.8571428571428571,2,33,66,0,0,Course Page,0,0
145,1,2026-07-07,2,112,10,16,82,2,11.2,78.39999999999999,0.017857142857142856,0.7321428571428571,48,26,35,3,0,Lecture Material,0,1
146,1,2026-07-07,2,176,34,17,87,41,5.176470588235294,36.235294117647065,0.23295454545454544,0.4943181818181818,67,39,63,2,0,Lecture Material,0,1
147,1,2026-07-07,2,265,37,26,83,78,7.162162162162162,50.13513513513514,0.2943396226415094,0.3132075471698113,60,81,115,8,0,Course Page,0,1
148,1,2026-07-07,2,101,21,18,44,17,4.809523809523809,33.666666666666664,0.16831683168316833,0.43564356435643564,26,38,34,3,0,Assignment,0,1
149,1,2026-07-07,2,166,22,35,63,9,7.545454545454546,52.81818181818182,0.05421686746987952,0.3795180722891566,14,126,26,0,0,Assignment,0,0
150,1,2026-07-07,2,94,25,13,25,20,3.76,26.32,0.2127659574468085,0.26595744680851063,23,27,40,0,0,Course Page,0,0
151,1,2026-07-07,2,54,13,13,27,10,4.153846153846154,29.076923076923077,0.18518518518518517,0.5,15,10,28,0,0,Course Page,0,1
152,1,2026-07-07,2,203,24,18,118,43,8.458333333333334,59.208333333333336,0.21182266009852216,0.5812807881773399,33,76,87,1,0,Course Page,0,1
153,1,2026-07-07,2,92,22,13,66,15,4.181818181818182,29.272727272727273,0.16304347826086957,0.717391304347826,23,60,8,0,0,Assignment,0,1
154,1,2026-07-07,2,220,28,33,152,39,7.857142857142857,55.0,0.17727272727272728,0.6909090909090909,44,42,115,2,0,Course Page,0,1
155,1,2026-07-07,2,8,3,4,6,0,2.6666666666666665,18.666666666666668,0.0,0.75,2,2,4,0,0,Course Page,0,1
156,1,2026-07-07,2,75,18,14,9,6,4.166666666666667,29.166666666666664,0.08,0.12,17,26,30,2,0,Course Page,0,1
157,1,2026-07-07,2,96,15,19,45,10,6.4,44.800000000000004,0.10416666666666667,0.46875,27,15,50,0,0,Course Page,0,1
158,1,2026-07-07,2,48,9,8,11,2,5.333333333333333,37.33333333333333,0.041666666666666664,0.22916666666666666,4,14,29,0,0,Course Page,0,1
159,1,2026-07-07,2,47,6,9,5,0,7.833333333333333,54.833333333333336,0.0,0.10638297872340426,7,23,17,0,0,Assignment,0,1
160,1,2026-07-07,2,101,14,10,6,21,7.214285714285714,50.5,0.2079207920792079,0.0594059405940594,17,36,46,0,0,Course Page,0,1
161,1,2026-07-07,2,134,17,14,58,40,7.882352941176471,55.1764705882353,0.29850746268656714,0.43283582089552236,20,40,70,4,0,Course Page,0,1
162,1,2026-07-07,2,71,12,16,35,14,5.916666666666667,41.41666666666667,0.19718309859154928,0.49295774647887325,11,25,30,1,0,Course Page,0,1
163,1,2026-07-07,2,170,21,27,118,58,8.095238095238095,56.666666666666664,0.3411764705882353,0.6941176470588235,21,120,27,0,0,Assignment,0,1
164,1,2026-07-07,2,16,7,4,15,8,2.2857142857142856,16.0,0.5,0.9375,0,2,13,0,0,Course Page,0,1
165,1,2026-07-07,2,38,9,10,5,12,4.222222222222222,29.555555555555554,0.3157894736842105,0.13157894736842105,13,9,16,0,0,Course Page,0,1
166,1,2026-07-07,2,12,7,2,7,7,1.7142857142857142,12.0,0.5833333333333334,0.5833333333333334,0,7,5,0,0,Assignment,0,1
167,1,2026-07-07,2,14,5,6,12,3,2.8,19.599999999999998,0.21428571428571427,0.8571428571428571,3,2,8,1,0,Course Page,0,1
168,1,2026-07-07,2,103,6,13,6,32,17.166666666666668,120.16666666666667,0.3106796116504854,0.05825242718446602,37,21,45,0,0,Course Page,0,1
169,1,2026-07-07,2,2,1,2,0,0,2.0,14.0,0.0,0.0,0,0,1,1,0,Course Page,0,1
170,1,2026-07-07,2,0,0,0,0,0,0.0,0.0,0.0,0.0,0,0,0,0,0,No Activity,1,1
171,1,2026-07-07,2,0,0,0,0,0,0.0,0.0,0.0,0.0,0,0,0,0,0,No Activity,1,1
